0 verbose cli /opt/homebrew/Cellar/node/24.4.1/bin/node /opt/homebrew/bin/npm
1 info using npm@11.4.2
2 info using node@v24.4.1
3 silly config load:file:/opt/homebrew/lib/node_modules/npm/npmrc
4 silly config load:file:/Users/ashishjayaram/Documents/GitHub/hr-portal-new/frontend/.npmrc
5 silly config load:file:/Users/ashishjayaram/.npmrc
6 silly config load:file:/opt/homebrew/etc/npmrc
7 verbose title npm ci
8 verbose argv "ci" "--cache" ".npm-cache" "--prefer-offline" "--no-audit" "--no-fund"
9 verbose logfile logs-max:10 dir:/Users/ashishjayaram/Documents/GitHub/hr-portal-new/frontend/.npm-cache/_logs/2025-10-30T19_42_26_309Z-
10 verbose logfile /Users/ashishjayaram/Documents/GitHub/hr-portal-new/frontend/.npm-cache/_logs/2025-10-30T19_42_26_309Z-debug-0.log
11 silly logfile done cleaning log files
12 silly packumentCache heap:4496293888 maxSize:1124073472 maxEntrySize:562036736
13 silly idealTree buildDeps
14 silly reify moves {}
15 verbose reify failed optional dependency /Users/ashishjayaram/Documents/GitHub/hr-portal-new/frontend/node_modules/@tailwindcss/oxide-wasm32-wasi
16 silly reify mark deleted [
16 silly reify   '/Users/ashishjayaram/Documents/GitHub/hr-portal-new/frontend/node_modules/@tailwindcss/oxide-wasm32-wasi'
16 silly reify ]
17 verbose reify failed optional dependency /Users/ashishjayaram/Documents/GitHub/hr-portal-new/frontend/node_modules/lightningcss-win32-x64-msvc
18 silly reify mark deleted [
18 silly reify   '/Users/ashishjayaram/Documents/GitHub/hr-portal-new/frontend/node_modules/lightningcss-win32-x64-msvc'
18 silly reify ]
19 verbose reify failed optional dependency /Users/ashishjayaram/Documents/GitHub/hr-portal-new/frontend/node_modules/lightningcss-win32-arm64-msvc
20 silly reify mark deleted [
20 silly reify   '/Users/ashishjayaram/Documents/GitHub/hr-portal-new/frontend/node_modules/lightningcss-win32-arm64-msvc'
20 silly reify ]
21 verbose reify failed optional dependency /Users/ashishjayaram/Documents/GitHub/hr-portal-new/frontend/node_modules/lightningcss-linux-x64-musl
22 silly reify mark deleted [
22 silly reify   '/Users/ashishjayaram/Documents/GitHub/hr-portal-new/frontend/node_modules/lightningcss-linux-x64-musl'
22 silly reify ]
23 verbose reify failed optional dependency /Users/ashishjayaram/Documents/GitHub/hr-portal-new/frontend/node_modules/lightningcss-linux-x64-gnu
24 silly reify mark deleted [
24 silly reify   '/Users/ashishjayaram/Documents/GitHub/hr-portal-new/frontend/node_modules/lightningcss-linux-x64-gnu'
24 silly reify ]
25 verbose reify failed optional dependency /Users/ashishjayaram/Documents/GitHub/hr-portal-new/frontend/node_modules/lightningcss-linux-arm64-musl
26 silly reify mark deleted [
26 silly reify   '/Users/ashishjayaram/Documents/GitHub/hr-portal-new/frontend/node_modules/lightningcss-linux-arm64-musl'
26 silly reify ]
27 verbose reify failed optional dependency /Users/ashishjayaram/Documents/GitHub/hr-portal-new/frontend/node_modules/lightningcss-linux-arm64-gnu
28 silly reify mark deleted [
28 silly reify   '/Users/ashishjayaram/Documents/GitHub/hr-portal-new/frontend/node_modules/lightningcss-linux-arm64-gnu'
28 silly reify ]
29 verbose reify failed optional dependency /Users/ashishjayaram/Documents/GitHub/hr-portal-new/frontend/node_modules/lightningcss-linux-arm-gnueabihf
30 silly reify mark deleted [
30 silly reify   '/Users/ashishjayaram/Documents/GitHub/hr-portal-new/frontend/node_modules/lightningcss-linux-arm-gnueabihf'
30 silly reify ]
31 verbose reify failed optional dependency /Users/ashishjayaram/Documents/GitHub/hr-portal-new/frontend/node_modules/lightningcss-freebsd-x64
32 silly reify mark deleted [
32 silly reify   '/Users/ashishjayaram/Documents/GitHub/hr-portal-new/frontend/node_modules/lightningcss-freebsd-x64'
32 silly reify ]
33 verbose reify failed optional dependency /Users/ashishjayaram/Documents/GitHub/hr-portal-new/frontend/node_modules/lightningcss-darwin-x64
34 silly reify mark deleted [
34 silly reify   '/Users/ashishjayaram/Documents/GitHub/hr-portal-new/frontend/node_modules/lightningcss-darwin-x64'
34 silly reify ]
35 verbose reify failed optional dependency /Users/ashishjayaram/Documents/GitHub/hr-portal-new/frontend/node_modules/@unrs/resolver-binding-win32-x64-msvc
36 silly reify mark deleted [
36 silly reify   '/Users/ashishjayaram/Documents/GitHub/hr-portal-new/frontend/node_modules/@unrs/resolver-binding-win32-x64-msvc'
36 silly reify ]
37 verbose reify failed optional dependency /Users/ashishjayaram/Documents/GitHub/hr-portal-new/frontend/node_modules/@unrs/resolver-binding-win32-ia32-msvc
38 silly reify mark deleted [
38 silly reify   '/Users/ashishjayaram/Documents/GitHub/hr-portal-new/frontend/node_modules/@unrs/resolver-binding-win32-ia32-msvc'
38 silly reify ]
39 verbose reify failed optional dependency /Users/ashishjayaram/Documents/GitHub/hr-portal-new/frontend/node_modules/@unrs/resolver-binding-win32-arm64-msvc
40 silly reify mark deleted [
40 silly reify   '/Users/ashishjayaram/Documents/GitHub/hr-portal-new/frontend/node_modules/@unrs/resolver-binding-win32-arm64-msvc'
40 silly reify ]
41 verbose reify failed optional dependency /Users/ashishjayaram/Documents/GitHub/hr-portal-new/frontend/node_modules/@unrs/resolver-binding-wasm32-wasi
42 silly reify mark deleted [
42 silly reify   '/Users/ashishjayaram/Documents/GitHub/hr-portal-new/frontend/node_modules/@unrs/resolver-binding-wasm32-wasi'
42 silly reify ]
43 verbose reify failed optional dependency /Users/ashishjayaram/Documents/GitHub/hr-portal-new/frontend/node_modules/@unrs/resolver-binding-linux-x64-musl
44 silly reify mark deleted [
44 silly reify   '/Users/ashishjayaram/Documents/GitHub/hr-portal-new/frontend/node_modules/@unrs/resolver-binding-linux-x64-musl'
44 silly reify ]
45 verbose reify failed optional dependency /Users/ashishjayaram/Documents/GitHub/hr-portal-new/frontend/node_modules/@unrs/resolver-binding-linux-x64-gnu
46 silly reify mark deleted [
46 silly reify   '/Users/ashishjayaram/Documents/GitHub/hr-portal-new/frontend/node_modules/@unrs/resolver-binding-linux-x64-gnu'
46 silly reify ]
47 verbose reify failed optional dependency /Users/ashishjayaram/Documents/GitHub/hr-portal-new/frontend/node_modules/@unrs/resolver-binding-linux-s390x-gnu
48 silly reify mark deleted [
48 silly reify   '/Users/ashishjayaram/Documents/GitHub/hr-portal-new/frontend/node_modules/@unrs/resolver-binding-linux-s390x-gnu'
48 silly reify ]
49 verbose reify failed optional dependency /Users/ashishjayaram/Documents/GitHub/hr-portal-new/frontend/node_modules/@unrs/resolver-binding-linux-riscv64-musl
50 silly reify mark deleted [
50 silly reify   '/Users/ashishjayaram/Documents/GitHub/hr-portal-new/frontend/node_modules/@unrs/resolver-binding-linux-riscv64-musl'
50 silly reify ]
51 verbose reify failed optional dependency /Users/ashishjayaram/Documents/GitHub/hr-portal-new/frontend/node_modules/@unrs/resolver-binding-linux-riscv64-gnu
52 silly reify mark deleted [
52 silly reify   '/Users/ashishjayaram/Documents/GitHub/hr-portal-new/frontend/node_modules/@unrs/resolver-binding-linux-riscv64-gnu'
52 silly reify ]
53 verbose reify failed optional dependency /Users/ashishjayaram/Documents/GitHub/hr-portal-new/frontend/node_modules/@unrs/resolver-binding-linux-ppc64-gnu
54 silly reify mark deleted [
54 silly reify   '/Users/ashishjayaram/Documents/GitHub/hr-portal-new/frontend/node_modules/@unrs/resolver-binding-linux-ppc64-gnu'
54 silly reify ]
55 verbose reify failed optional dependency /Users/ashishjayaram/Documents/GitHub/hr-portal-new/frontend/node_modules/@unrs/resolver-binding-linux-arm64-musl
56 silly reify mark deleted [
56 silly reify   '/Users/ashishjayaram/Documents/GitHub/hr-portal-new/frontend/node_modules/@unrs/resolver-binding-linux-arm64-musl'
56 silly reify ]
57 verbose reify failed optional dependency /Users/ashishjayaram/Documents/GitHub/hr-portal-new/frontend/node_modules/@unrs/resolver-binding-linux-arm64-gnu
58 silly reify mark deleted [
58 silly reify   '/Users/ashishjayaram/Documents/GitHub/hr-portal-new/frontend/node_modules/@unrs/resolver-binding-linux-arm64-gnu'
58 silly reify ]
59 verbose reify failed optional dependency /Users/ashishjayaram/Documents/GitHub/hr-portal-new/frontend/node_modules/@unrs/resolver-binding-linux-arm-musleabihf
60 silly reify mark deleted [
60 silly reify   '/Users/ashishjayaram/Documents/GitHub/hr-portal-new/frontend/node_modules/@unrs/resolver-binding-linux-arm-musleabihf'
60 silly reify ]
61 verbose reify failed optional dependency /Users/ashishjayaram/Documents/GitHub/hr-portal-new/frontend/node_modules/@unrs/resolver-binding-linux-arm-gnueabihf
62 silly reify mark deleted [
62 silly reify   '/Users/ashishjayaram/Documents/GitHub/hr-portal-new/frontend/node_modules/@unrs/resolver-binding-linux-arm-gnueabihf'
62 silly reify ]
63 verbose reify failed optional dependency /Users/ashishjayaram/Documents/GitHub/hr-portal-new/frontend/node_modules/@unrs/resolver-binding-freebsd-x64
64 silly reify mark deleted [
64 silly reify   '/Users/ashishjayaram/Documents/GitHub/hr-portal-new/frontend/node_modules/@unrs/resolver-binding-freebsd-x64'
64 silly reify ]
65 verbose reify failed optional dependency /Users/ashishjayaram/Documents/GitHub/hr-portal-new/frontend/node_modules/@unrs/resolver-binding-darwin-x64
66 silly reify mark deleted [
66 silly reify   '/Users/ashishjayaram/Documents/GitHub/hr-portal-new/frontend/node_modules/@unrs/resolver-binding-darwin-x64'
66 silly reify ]
67 verbose reify failed optional dependency /Users/ashishjayaram/Documents/GitHub/hr-portal-new/frontend/node_modules/@unrs/resolver-binding-android-arm64
68 silly reify mark deleted [
68 silly reify   '/Users/ashishjayaram/Documents/GitHub/hr-portal-new/frontend/node_modules/@unrs/resolver-binding-android-arm64'
68 silly reify ]
69 verbose reify failed optional dependency /Users/ashishjayaram/Documents/GitHub/hr-portal-new/frontend/node_modules/@unrs/resolver-binding-android-arm-eabi
70 silly reify mark deleted [
70 silly reify   '/Users/ashishjayaram/Documents/GitHub/hr-portal-new/frontend/node_modules/@unrs/resolver-binding-android-arm-eabi'
70 silly reify ]
71 verbose reify failed optional dependency /Users/ashishjayaram/Documents/GitHub/hr-portal-new/frontend/node_modules/@tailwindcss/oxide-win32-x64-msvc
72 silly reify mark deleted [
72 silly reify   '/Users/ashishjayaram/Documents/GitHub/hr-portal-new/frontend/node_modules/@tailwindcss/oxide-win32-x64-msvc'
72 silly reify ]
73 verbose reify failed optional dependency /Users/ashishjayaram/Documents/GitHub/hr-portal-new/frontend/node_modules/@tailwindcss/oxide-win32-arm64-msvc
74 silly reify mark deleted [
74 silly reify   '/Users/ashishjayaram/Documents/GitHub/hr-portal-new/frontend/node_modules/@tailwindcss/oxide-win32-arm64-msvc'
74 silly reify ]
75 verbose reify failed optional dependency /Users/ashishjayaram/Documents/GitHub/hr-portal-new/frontend/node_modules/@tailwindcss/oxide-linux-x64-musl
76 silly reify mark deleted [
76 silly reify   '/Users/ashishjayaram/Documents/GitHub/hr-portal-new/frontend/node_modules/@tailwindcss/oxide-linux-x64-musl'
76 silly reify ]
77 verbose reify failed optional dependency /Users/ashishjayaram/Documents/GitHub/hr-portal-new/frontend/node_modules/@tailwindcss/oxide-linux-x64-gnu
78 silly reify mark deleted [
78 silly reify   '/Users/ashishjayaram/Documents/GitHub/hr-portal-new/frontend/node_modules/@tailwindcss/oxide-linux-x64-gnu'
78 silly reify ]
79 verbose reify failed optional dependency /Users/ashishjayaram/Documents/GitHub/hr-portal-new/frontend/node_modules/@tailwindcss/oxide-linux-arm64-musl
80 silly reify mark deleted [
80 silly reify   '/Users/ashishjayaram/Documents/GitHub/hr-portal-new/frontend/node_modules/@tailwindcss/oxide-linux-arm64-musl'
80 silly reify ]
81 verbose reify failed optional dependency /Users/ashishjayaram/Documents/GitHub/hr-portal-new/frontend/node_modules/@tailwindcss/oxide-linux-arm64-gnu
82 silly reify mark deleted [
82 silly reify   '/Users/ashishjayaram/Documents/GitHub/hr-portal-new/frontend/node_modules/@tailwindcss/oxide-linux-arm64-gnu'
82 silly reify ]
83 verbose reify failed optional dependency /Users/ashishjayaram/Documents/GitHub/hr-portal-new/frontend/node_modules/@tailwindcss/oxide-linux-arm-gnueabihf
84 silly reify mark deleted [
84 silly reify   '/Users/ashishjayaram/Documents/GitHub/hr-portal-new/frontend/node_modules/@tailwindcss/oxide-linux-arm-gnueabihf'
84 silly reify ]
85 verbose reify failed optional dependency /Users/ashishjayaram/Documents/GitHub/hr-portal-new/frontend/node_modules/@tailwindcss/oxide-freebsd-x64
86 silly reify mark deleted [
86 silly reify   '/Users/ashishjayaram/Documents/GitHub/hr-portal-new/frontend/node_modules/@tailwindcss/oxide-freebsd-x64'
86 silly reify ]
87 verbose reify failed optional dependency /Users/ashishjayaram/Documents/GitHub/hr-portal-new/frontend/node_modules/@tailwindcss/oxide-darwin-x64
88 silly reify mark deleted [
88 silly reify   '/Users/ashishjayaram/Documents/GitHub/hr-portal-new/frontend/node_modules/@tailwindcss/oxide-darwin-x64'
88 silly reify ]
89 verbose reify failed optional dependency /Users/ashishjayaram/Documents/GitHub/hr-portal-new/frontend/node_modules/@tailwindcss/oxide-android-arm64
90 silly reify mark deleted [
90 silly reify   '/Users/ashishjayaram/Documents/GitHub/hr-portal-new/frontend/node_modules/@tailwindcss/oxide-android-arm64'
90 silly reify ]
91 verbose reify failed optional dependency /Users/ashishjayaram/Documents/GitHub/hr-portal-new/frontend/node_modules/@next/swc-win32-x64-msvc
92 silly reify mark deleted [
92 silly reify   '/Users/ashishjayaram/Documents/GitHub/hr-portal-new/frontend/node_modules/@next/swc-win32-x64-msvc'
92 silly reify ]
93 verbose reify failed optional dependency /Users/ashishjayaram/Documents/GitHub/hr-portal-new/frontend/node_modules/@next/swc-win32-arm64-msvc
94 silly reify mark deleted [
94 silly reify   '/Users/ashishjayaram/Documents/GitHub/hr-portal-new/frontend/node_modules/@next/swc-win32-arm64-msvc'
94 silly reify ]
95 verbose reify failed optional dependency /Users/ashishjayaram/Documents/GitHub/hr-portal-new/frontend/node_modules/@next/swc-linux-x64-musl
96 silly reify mark deleted [
96 silly reify   '/Users/ashishjayaram/Documents/GitHub/hr-portal-new/frontend/node_modules/@next/swc-linux-x64-musl'
96 silly reify ]
97 verbose reify failed optional dependency /Users/ashishjayaram/Documents/GitHub/hr-portal-new/frontend/node_modules/@next/swc-linux-x64-gnu
98 silly reify mark deleted [
98 silly reify   '/Users/ashishjayaram/Documents/GitHub/hr-portal-new/frontend/node_modules/@next/swc-linux-x64-gnu'
98 silly reify ]
99 verbose reify failed optional dependency /Users/ashishjayaram/Documents/GitHub/hr-portal-new/frontend/node_modules/@next/swc-linux-arm64-musl
100 silly reify mark deleted [
100 silly reify   '/Users/ashishjayaram/Documents/GitHub/hr-portal-new/frontend/node_modules/@next/swc-linux-arm64-musl'
100 silly reify ]
101 verbose reify failed optional dependency /Users/ashishjayaram/Documents/GitHub/hr-portal-new/frontend/node_modules/@next/swc-linux-arm64-gnu
102 silly reify mark deleted [
102 silly reify   '/Users/ashishjayaram/Documents/GitHub/hr-portal-new/frontend/node_modules/@next/swc-linux-arm64-gnu'
102 silly reify ]
103 verbose reify failed optional dependency /Users/ashishjayaram/Documents/GitHub/hr-portal-new/frontend/node_modules/@next/swc-darwin-x64
104 silly reify mark deleted [
104 silly reify   '/Users/ashishjayaram/Documents/GitHub/hr-portal-new/frontend/node_modules/@next/swc-darwin-x64'
104 silly reify ]
105 verbose reify failed optional dependency /Users/ashishjayaram/Documents/GitHub/hr-portal-new/frontend/node_modules/@img/sharp-win32-x64
106 silly reify mark deleted [
106 silly reify   '/Users/ashishjayaram/Documents/GitHub/hr-portal-new/frontend/node_modules/@img/sharp-win32-x64'
106 silly reify ]
107 verbose reify failed optional dependency /Users/ashishjayaram/Documents/GitHub/hr-portal-new/frontend/node_modules/@img/sharp-win32-ia32
108 silly reify mark deleted [
108 silly reify   '/Users/ashishjayaram/Documents/GitHub/hr-portal-new/frontend/node_modules/@img/sharp-win32-ia32'
108 silly reify ]
109 verbose reify failed optional dependency /Users/ashishjayaram/Documents/GitHub/hr-portal-new/frontend/node_modules/@img/sharp-win32-arm64
110 silly reify mark deleted [
110 silly reify   '/Users/ashishjayaram/Documents/GitHub/hr-portal-new/frontend/node_modules/@img/sharp-win32-arm64'
110 silly reify ]
111 verbose reify failed optional dependency /Users/ashishjayaram/Documents/GitHub/hr-portal-new/frontend/node_modules/@img/sharp-wasm32
112 silly reify mark deleted [
112 silly reify   '/Users/ashishjayaram/Documents/GitHub/hr-portal-new/frontend/node_modules/@img/sharp-wasm32'
112 silly reify ]
113 verbose reify failed optional dependency /Users/ashishjayaram/Documents/GitHub/hr-portal-new/frontend/node_modules/@img/sharp-linuxmusl-x64
114 silly reify mark deleted [
114 silly reify   '/Users/ashishjayaram/Documents/GitHub/hr-portal-new/frontend/node_modules/@img/sharp-linuxmusl-x64'
114 silly reify ]
115 verbose reify failed optional dependency /Users/ashishjayaram/Documents/GitHub/hr-portal-new/frontend/node_modules/@img/sharp-linuxmusl-arm64
116 silly reify mark deleted [
116 silly reify   '/Users/ashishjayaram/Documents/GitHub/hr-portal-new/frontend/node_modules/@img/sharp-linuxmusl-arm64'
116 silly reify ]
117 verbose reify failed optional dependency /Users/ashishjayaram/Documents/GitHub/hr-portal-new/frontend/node_modules/@img/sharp-linux-x64
118 silly reify mark deleted [
118 silly reify   '/Users/ashishjayaram/Documents/GitHub/hr-portal-new/frontend/node_modules/@img/sharp-linux-x64'
118 silly reify ]
119 verbose reify failed optional dependency /Users/ashishjayaram/Documents/GitHub/hr-portal-new/frontend/node_modules/@img/sharp-linux-s390x
120 silly reify mark deleted [
120 silly reify   '/Users/ashishjayaram/Documents/GitHub/hr-portal-new/frontend/node_modules/@img/sharp-linux-s390x'
120 silly reify ]
121 verbose reify failed optional dependency /Users/ashishjayaram/Documents/GitHub/hr-portal-new/frontend/node_modules/@img/sharp-linux-ppc64
122 silly reify mark deleted [
122 silly reify   '/Users/ashishjayaram/Documents/GitHub/hr-portal-new/frontend/node_modules/@img/sharp-linux-ppc64'
122 silly reify ]
123 verbose reify failed optional dependency /Users/ashishjayaram/Documents/GitHub/hr-portal-new/frontend/node_modules/@img/sharp-linux-arm64
124 silly reify mark deleted [
124 silly reify   '/Users/ashishjayaram/Documents/GitHub/hr-portal-new/frontend/node_modules/@img/sharp-linux-arm64'
124 silly reify ]
125 verbose reify failed optional dependency /Users/ashishjayaram/Documents/GitHub/hr-portal-new/frontend/node_modules/@img/sharp-linux-arm
126 silly reify mark deleted [
126 silly reify   '/Users/ashishjayaram/Documents/GitHub/hr-portal-new/frontend/node_modules/@img/sharp-linux-arm'
126 silly reify ]
127 verbose reify failed optional dependency /Users/ashishjayaram/Documents/GitHub/hr-portal-new/frontend/node_modules/@img/sharp-libvips-linuxmusl-x64
128 silly reify mark deleted [
128 silly reify   '/Users/ashishjayaram/Documents/GitHub/hr-portal-new/frontend/node_modules/@img/sharp-libvips-linuxmusl-x64'
128 silly reify ]
129 verbose reify failed optional dependency /Users/ashishjayaram/Documents/GitHub/hr-portal-new/frontend/node_modules/@img/sharp-libvips-linuxmusl-arm64
130 silly reify mark deleted [
130 silly reify   '/Users/ashishjayaram/Documents/GitHub/hr-portal-new/frontend/node_modules/@img/sharp-libvips-linuxmusl-arm64'
130 silly reify ]
131 verbose reify failed optional dependency /Users/ashishjayaram/Documents/GitHub/hr-portal-new/frontend/node_modules/@img/sharp-libvips-linux-x64
132 silly reify mark deleted [
132 silly reify   '/Users/ashishjayaram/Documents/GitHub/hr-portal-new/frontend/node_modules/@img/sharp-libvips-linux-x64'
132 silly reify ]
133 verbose reify failed optional dependency /Users/ashishjayaram/Documents/GitHub/hr-portal-new/frontend/node_modules/@img/sharp-libvips-linux-s390x
134 silly reify mark deleted [
134 silly reify   '/Users/ashishjayaram/Documents/GitHub/hr-portal-new/frontend/node_modules/@img/sharp-libvips-linux-s390x'
134 silly reify ]
135 verbose reify failed optional dependency /Users/ashishjayaram/Documents/GitHub/hr-portal-new/frontend/node_modules/@img/sharp-libvips-linux-ppc64
136 silly reify mark deleted [
136 silly reify   '/Users/ashishjayaram/Documents/GitHub/hr-portal-new/frontend/node_modules/@img/sharp-libvips-linux-ppc64'
136 silly reify ]
137 verbose reify failed optional dependency /Users/ashishjayaram/Documents/GitHub/hr-portal-new/frontend/node_modules/@img/sharp-libvips-linux-arm64
138 silly reify mark deleted [
138 silly reify   '/Users/ashishjayaram/Documents/GitHub/hr-portal-new/frontend/node_modules/@img/sharp-libvips-linux-arm64'
138 silly reify ]
139 verbose reify failed optional dependency /Users/ashishjayaram/Documents/GitHub/hr-portal-new/frontend/node_modules/@img/sharp-libvips-linux-arm
140 silly reify mark deleted [
140 silly reify   '/Users/ashishjayaram/Documents/GitHub/hr-portal-new/frontend/node_modules/@img/sharp-libvips-linux-arm'
140 silly reify ]
141 verbose reify failed optional dependency /Users/ashishjayaram/Documents/GitHub/hr-portal-new/frontend/node_modules/@img/sharp-libvips-darwin-x64
142 silly reify mark deleted [
142 silly reify   '/Users/ashishjayaram/Documents/GitHub/hr-portal-new/frontend/node_modules/@img/sharp-libvips-darwin-x64'
142 silly reify ]
143 verbose reify failed optional dependency /Users/ashishjayaram/Documents/GitHub/hr-portal-new/frontend/node_modules/@img/sharp-darwin-x64
144 silly reify mark deleted [
144 silly reify   '/Users/ashishjayaram/Documents/GitHub/hr-portal-new/frontend/node_modules/@img/sharp-darwin-x64'
144 silly reify ]
145 http cache zod@https://registry.npmjs.org/zod/-/zod-4.1.12.tgz 0ms (cache hit)
146 http cache yocto-queue@https://registry.npmjs.org/yocto-queue/-/yocto-queue-0.1.0.tgz 0ms (cache hit)
147 http cache zod-validation-error@https://registry.npmjs.org/zod-validation-error/-/zod-validation-error-4.0.2.tgz 0ms (cache hit)
148 http cache yallist@https://registry.npmjs.org/yallist/-/yallist-5.0.0.tgz 0ms (cache hit)
149 http cache wrap-ansi-cjs@https://registry.npmjs.org/wrap-ansi/-/wrap-ansi-7.0.0.tgz 0ms (cache hit)
150 http cache wrap-ansi@https://registry.npmjs.org/wrap-ansi/-/wrap-ansi-8.1.0.tgz 0ms (cache hit)
151 http cache which-typed-array@https://registry.npmjs.org/which-typed-array/-/which-typed-array-1.1.19.tgz 0ms (cache hit)
152 http cache word-wrap@https://registry.npmjs.org/word-wrap/-/word-wrap-1.2.5.tgz 0ms (cache hit)
153 http cache which-collection@https://registry.npmjs.org/which-collection/-/which-collection-1.0.2.tgz 0ms (cache hit)
154 http cache which-builtin-type@https://registry.npmjs.org/which-builtin-type/-/which-builtin-type-1.2.1.tgz 0ms (cache hit)
155 http cache which@https://registry.npmjs.org/which/-/which-2.0.2.tgz 0ms (cache hit)
156 http cache util-deprecate@https://registry.npmjs.org/util-deprecate/-/util-deprecate-1.0.2.tgz 0ms (cache hit)
157 http cache uri-js@https://registry.npmjs.org/uri-js/-/uri-js-4.4.1.tgz 0ms (cache hit)
158 http cache update-browserslist-db@https://registry.npmjs.org/update-browserslist-db/-/update-browserslist-db-1.1.3.tgz 0ms (cache hit)
159 http cache which-boxed-primitive@https://registry.npmjs.org/which-boxed-primitive/-/which-boxed-primitive-1.1.1.tgz 0ms (cache hit)
160 http cache unrs-resolver@https://registry.npmjs.org/unrs-resolver/-/unrs-resolver-1.11.1.tgz 0ms (cache hit)
161 http cache unbox-primitive@https://registry.npmjs.org/unbox-primitive/-/unbox-primitive-1.1.0.tgz 0ms (cache hit)
162 http cache typescript-eslint@https://registry.npmjs.org/typescript-eslint/-/typescript-eslint-8.46.2.tgz 0ms (cache hit)
163 http cache undici-types@https://registry.npmjs.org/undici-types/-/undici-types-6.21.0.tgz 0ms (cache hit)
164 http cache typescript@https://registry.npmjs.org/typescript/-/typescript-5.9.3.tgz 0ms (cache hit)
165 http cache typed-array-length@https://registry.npmjs.org/typed-array-length/-/typed-array-length-1.0.7.tgz 0ms (cache hit)
166 http cache typed-array-buffer@https://registry.npmjs.org/typed-array-buffer/-/typed-array-buffer-1.0.3.tgz 0ms (cache hit)
167 http cache typed-array-byte-length@https://registry.npmjs.org/typed-array-byte-length/-/typed-array-byte-length-1.0.3.tgz 0ms (cache hit)
168 http cache type-check@https://registry.npmjs.org/type-check/-/type-check-0.4.0.tgz 0ms (cache hit)
169 http cache tslib@https://registry.npmjs.org/tslib/-/tslib-2.8.1.tgz 0ms (cache hit)
170 http cache tsconfig-paths@https://registry.npmjs.org/tsconfig-paths/-/tsconfig-paths-3.15.0.tgz 0ms (cache hit)
171 http cache ts-interface-checker@https://registry.npmjs.org/ts-interface-checker/-/ts-interface-checker-0.1.13.tgz 0ms (cache hit)
172 http cache ts-api-utils@https://registry.npmjs.org/ts-api-utils/-/ts-api-utils-2.1.0.tgz 0ms (cache hit)
173 http cache tinyglobby@https://registry.npmjs.org/tinyglobby/-/tinyglobby-0.2.15.tgz 0ms (cache hit)
174 http cache to-regex-range@https://registry.npmjs.org/to-regex-range/-/to-regex-range-5.0.1.tgz 0ms (cache hit)
175 http cache thenify-all@https://registry.npmjs.org/thenify-all/-/thenify-all-1.6.0.tgz 0ms (cache hit)
176 http cache tar@https://registry.npmjs.org/tar/-/tar-7.5.1.tgz 0ms (cache hit)
177 http cache thenify@https://registry.npmjs.org/thenify/-/thenify-3.3.1.tgz 0ms (cache hit)
178 http cache tapable@https://registry.npmjs.org/tapable/-/tapable-2.3.0.tgz 0ms (cache hit)
179 http cache tailwindcss@https://registry.npmjs.org/tailwindcss/-/tailwindcss-3.4.18.tgz 0ms (cache hit)
180 http cache tailwind-merge@https://registry.npmjs.org/tailwind-merge/-/tailwind-merge-3.3.1.tgz 0ms (cache hit)
181 http cache supports-preserve-symlinks-flag@https://registry.npmjs.org/supports-preserve-symlinks-flag/-/supports-preserve-symlinks-flag-1.0.0.tgz 0ms (cache hit)
182 http cache sucrase@https://registry.npmjs.org/sucrase/-/sucrase-3.35.0.tgz 0ms (cache hit)
183 http cache supports-color@https://registry.npmjs.org/supports-color/-/supports-color-7.2.0.tgz 0ms (cache hit)
184 http cache styled-jsx@https://registry.npmjs.org/styled-jsx/-/styled-jsx-5.1.6.tgz 0ms (cache hit)
185 http cache strip-bom@https://registry.npmjs.org/strip-bom/-/strip-bom-3.0.0.tgz 0ms (cache hit)
186 http cache strip-json-comments@https://registry.npmjs.org/strip-json-comments/-/strip-json-comments-3.1.1.tgz 0ms (cache hit)
187 http cache strip-ansi-cjs@https://registry.npmjs.org/strip-ansi/-/strip-ansi-6.0.1.tgz 0ms (cache hit)
188 http cache strip-ansi@https://registry.npmjs.org/strip-ansi/-/strip-ansi-7.1.2.tgz 0ms (cache hit)
189 http cache string.prototype.trimstart@https://registry.npmjs.org/string.prototype.trimstart/-/string.prototype.trimstart-1.0.8.tgz 0ms (cache hit)
190 http cache string.prototype.trimend@https://registry.npmjs.org/string.prototype.trimend/-/string.prototype.trimend-1.0.9.tgz 0ms (cache hit)
191 http cache string.prototype.trim@https://registry.npmjs.org/string.prototype.trim/-/string.prototype.trim-1.2.10.tgz 0ms (cache hit)
192 http cache typed-array-byte-offset@https://registry.npmjs.org/typed-array-byte-offset/-/typed-array-byte-offset-1.0.4.tgz 0ms (cache hit)
193 http cache string.prototype.repeat@https://registry.npmjs.org/string.prototype.repeat/-/string.prototype.repeat-1.0.0.tgz 0ms (cache hit)
194 http cache string.prototype.includes@https://registry.npmjs.org/string.prototype.includes/-/string.prototype.includes-2.0.1.tgz 0ms (cache hit)
195 http cache string.prototype.matchall@https://registry.npmjs.org/string.prototype.matchall/-/string.prototype.matchall-4.0.12.tgz 0ms (cache hit)
196 http cache string-width@https://registry.npmjs.org/string-width/-/string-width-5.1.2.tgz 0ms (cache hit)
197 http cache stable-hash@https://registry.npmjs.org/stable-hash/-/stable-hash-0.0.5.tgz 0ms (cache hit)
198 http cache stop-iteration-iterator@https://registry.npmjs.org/stop-iteration-iterator/-/stop-iteration-iterator-1.1.0.tgz 0ms (cache hit)
199 http cache sonner@https://registry.npmjs.org/sonner/-/sonner-2.0.7.tgz 0ms (cache hit)
200 http cache source-map-js@https://registry.npmjs.org/source-map-js/-/source-map-js-1.2.1.tgz 0ms (cache hit)
201 http cache signal-exit@https://registry.npmjs.org/signal-exit/-/signal-exit-4.1.0.tgz 0ms (cache hit)
202 http cache side-channel-weakmap@https://registry.npmjs.org/side-channel-weakmap/-/side-channel-weakmap-1.0.2.tgz 0ms (cache hit)
203 http cache side-channel-map@https://registry.npmjs.org/side-channel-map/-/side-channel-map-1.0.1.tgz 0ms (cache hit)
204 http cache side-channel@https://registry.npmjs.org/side-channel/-/side-channel-1.1.0.tgz 0ms (cache hit)
205 http cache side-channel-list@https://registry.npmjs.org/side-channel-list/-/side-channel-list-1.0.0.tgz 0ms (cache hit)
206 http cache shebang-regex@https://registry.npmjs.org/shebang-regex/-/shebang-regex-3.0.0.tgz 0ms (cache hit)
207 http cache shebang-command@https://registry.npmjs.org/shebang-command/-/shebang-command-2.0.0.tgz 0ms (cache hit)
208 http cache sharp@https://registry.npmjs.org/sharp/-/sharp-0.34.4.tgz 0ms (cache hit)
209 http cache set-proto@https://registry.npmjs.org/set-proto/-/set-proto-1.0.0.tgz 0ms (cache hit)
210 http cache set-function-name@https://registry.npmjs.org/set-function-name/-/set-function-name-2.0.2.tgz 0ms (cache hit)
211 http cache semver@https://registry.npmjs.org/semver/-/semver-7.7.3.tgz 0ms (cache hit)
212 http cache set-function-length@https://registry.npmjs.org/set-function-length/-/set-function-length-1.2.2.tgz 0ms (cache hit)
213 http cache scheduler@https://registry.npmjs.org/scheduler/-/scheduler-0.26.0.tgz 0ms (cache hit)
214 http cache string-width-cjs@https://registry.npmjs.org/string-width/-/string-width-4.2.3.tgz 0ms (cache hit)
215 http cache safe-regex-test@https://registry.npmjs.org/safe-regex-test/-/safe-regex-test-1.1.0.tgz 0ms (cache hit)
216 http cache safe-push-apply@https://registry.npmjs.org/safe-push-apply/-/safe-push-apply-1.0.0.tgz 0ms (cache hit)
217 http cache resolve-pkg-maps@https://registry.npmjs.org/resolve-pkg-maps/-/resolve-pkg-maps-1.0.0.tgz 0ms (cache hit)
218 http cache reusify@https://registry.npmjs.org/reusify/-/reusify-1.1.0.tgz 0ms (cache hit)
219 http cache safe-array-concat@https://registry.npmjs.org/safe-array-concat/-/safe-array-concat-1.1.3.tgz 0ms (cache hit)
220 http cache resolve-from@https://registry.npmjs.org/resolve-from/-/resolve-from-4.0.0.tgz 0ms (cache hit)
221 http cache resolve@https://registry.npmjs.org/resolve/-/resolve-1.22.10.tgz 0ms (cache hit)
222 http cache regexp.prototype.flags@https://registry.npmjs.org/regexp.prototype.flags/-/regexp.prototype.flags-1.5.4.tgz 0ms (cache hit)
223 http cache readdirp@https://registry.npmjs.org/readdirp/-/readdirp-3.6.0.tgz 0ms (cache hit)
224 http cache run-parallel@https://registry.npmjs.org/run-parallel/-/run-parallel-1.2.0.tgz 0ms (cache hit)
225 http cache reflect.getprototypeof@https://registry.npmjs.org/reflect.getprototypeof/-/reflect.getprototypeof-1.0.10.tgz 0ms (cache hit)
226 http cache read-cache@https://registry.npmjs.org/read-cache/-/read-cache-1.0.0.tgz 0ms (cache hit)
227 http cache react-is@https://registry.npmjs.org/react-is/-/react-is-16.13.1.tgz 0ms (cache hit)
228 http cache react-dom@https://registry.npmjs.org/react-dom/-/react-dom-19.1.0.tgz 0ms (cache hit)
229 http cache react@https://registry.npmjs.org/react/-/react-19.1.0.tgz 0ms (cache hit)
230 http cache queue-microtask@https://registry.npmjs.org/queue-microtask/-/queue-microtask-1.2.3.tgz 0ms (cache hit)
231 http cache prop-types@https://registry.npmjs.org/prop-types/-/prop-types-15.8.1.tgz 0ms (cache hit)
232 http cache prelude-ls@https://registry.npmjs.org/prelude-ls/-/prelude-ls-1.2.1.tgz 0ms (cache hit)
233 http cache preact@https://registry.npmjs.org/preact/-/preact-10.12.1.tgz 0ms (cache hit)
234 http cache punycode@https://registry.npmjs.org/punycode/-/punycode-2.3.1.tgz 0ms (cache hit)
235 http cache postcss-value-parser@https://registry.npmjs.org/postcss-value-parser/-/postcss-value-parser-4.2.0.tgz 0ms (cache hit)
236 http cache postcss-selector-parser@https://registry.npmjs.org/postcss-selector-parser/-/postcss-selector-parser-6.1.2.tgz 0ms (cache hit)
237 http cache postcss-nested@https://registry.npmjs.org/postcss-nested/-/postcss-nested-6.2.0.tgz 0ms (cache hit)
238 http cache postcss-import@https://registry.npmjs.org/postcss-import/-/postcss-import-15.1.0.tgz 0ms (cache hit)
239 http cache postcss-js@https://registry.npmjs.org/postcss-js/-/postcss-js-4.1.0.tgz 0ms (cache hit)
240 http cache postcss@https://registry.npmjs.org/postcss/-/postcss-8.5.6.tgz 0ms (cache hit)
241 http cache possible-typed-array-names@https://registry.npmjs.org/possible-typed-array-names/-/possible-typed-array-names-1.1.0.tgz 0ms (cache hit)
242 http cache pirates@https://registry.npmjs.org/pirates/-/pirates-4.0.7.tgz 0ms (cache hit)
243 http cache postcss-load-config@https://registry.npmjs.org/postcss-load-config/-/postcss-load-config-6.0.1.tgz 0ms (cache hit)
244 http cache picocolors@https://registry.npmjs.org/picocolors/-/picocolors-1.1.1.tgz 0ms (cache hit)
245 http cache picomatch@https://registry.npmjs.org/picomatch/-/picomatch-2.3.1.tgz 0ms (cache hit)
246 http cache path-scurry@https://registry.npmjs.org/path-scurry/-/path-scurry-1.11.1.tgz 0ms (cache hit)
247 http cache path-parse@https://registry.npmjs.org/path-parse/-/path-parse-1.0.7.tgz 0ms (cache hit)
248 http cache path-key@https://registry.npmjs.org/path-key/-/path-key-3.1.1.tgz 1ms (cache hit)
249 http cache pify@https://registry.npmjs.org/pify/-/pify-2.3.0.tgz 0ms (cache hit)
250 http cache parent-module@https://registry.npmjs.org/parent-module/-/parent-module-1.0.1.tgz 0ms (cache hit)
251 http cache package-json-from-dist@https://registry.npmjs.org/package-json-from-dist/-/package-json-from-dist-1.0.1.tgz 0ms (cache hit)
252 http cache p-locate@https://registry.npmjs.org/p-locate/-/p-locate-5.0.0.tgz 0ms (cache hit)
253 http cache optionator@https://registry.npmjs.org/optionator/-/optionator-0.9.4.tgz 0ms (cache hit)
254 http cache p-limit@https://registry.npmjs.org/p-limit/-/p-limit-3.1.0.tgz 0ms (cache hit)
255 http cache object.values@https://registry.npmjs.org/object.values/-/object.values-1.2.1.tgz 0ms (cache hit)
256 http cache object.groupby@https://registry.npmjs.org/object.groupby/-/object.groupby-1.0.3.tgz 0ms (cache hit)
257 http cache own-keys@https://registry.npmjs.org/own-keys/-/own-keys-1.0.1.tgz 0ms (cache hit)
258 http cache object.fromentries@https://registry.npmjs.org/object.fromentries/-/object.fromentries-2.0.8.tgz 0ms (cache hit)
259 http cache object.entries@https://registry.npmjs.org/object.entries/-/object.entries-1.1.9.tgz 0ms (cache hit)
260 http cache object.assign@https://registry.npmjs.org/object.assign/-/object.assign-4.1.7.tgz 0ms (cache hit)
261 http cache object-keys@https://registry.npmjs.org/object-keys/-/object-keys-1.1.1.tgz 0ms (cache hit)
262 http cache object-inspect@https://registry.npmjs.org/object-inspect/-/object-inspect-1.13.4.tgz 0ms (cache hit)
263 http cache object-hash@https://registry.npmjs.org/object-hash/-/object-hash-3.0.0.tgz 0ms (cache hit)
264 http cache object-assign@https://registry.npmjs.org/object-assign/-/object-assign-4.1.1.tgz 0ms (cache hit)
265 http cache path-exists@https://registry.npmjs.org/path-exists/-/path-exists-4.0.0.tgz 0ms (cache hit)
266 http cache normalize-range@https://registry.npmjs.org/normalize-range/-/normalize-range-0.1.2.tgz 0ms (cache hit)
267 http cache normalize-path@https://registry.npmjs.org/normalize-path/-/normalize-path-3.0.0.tgz 0ms (cache hit)
268 http cache node-releases@https://registry.npmjs.org/node-releases/-/node-releases-2.0.23.tgz 0ms (cache hit)
269 http cache natural-compare@https://registry.npmjs.org/natural-compare/-/natural-compare-1.4.0.tgz 0ms (cache hit)
270 http cache napi-postinstall@https://registry.npmjs.org/napi-postinstall/-/napi-postinstall-0.3.4.tgz 0ms (cache hit)
271 http cache nanoid@https://registry.npmjs.org/nanoid/-/nanoid-3.3.11.tgz 0ms (cache hit)
272 http cache mz@https://registry.npmjs.org/mz/-/mz-2.7.0.tgz 0ms (cache hit)
273 http cache ms@https://registry.npmjs.org/ms/-/ms-2.1.3.tgz 0ms (cache hit)
274 http cache motion-utils@https://registry.npmjs.org/motion-utils/-/motion-utils-12.23.6.tgz 0ms (cache hit)
275 http cache motion-dom@https://registry.npmjs.org/motion-dom/-/motion-dom-12.23.23.tgz 0ms (cache hit)
276 http cache minipass@https://registry.npmjs.org/minipass/-/minipass-7.1.2.tgz 0ms (cache hit)
277 http cache minizlib@https://registry.npmjs.org/minizlib/-/minizlib-3.1.0.tgz 0ms (cache hit)
278 http cache next@https://registry.npmjs.org/next/-/next-16.0.1.tgz 0ms (cache hit)
279 http cache minimist@https://registry.npmjs.org/minimist/-/minimist-1.2.8.tgz 0ms (cache hit)
280 http cache micromatch@https://registry.npmjs.org/micromatch/-/micromatch-4.0.8.tgz 0ms (cache hit)
281 http cache minimatch@https://registry.npmjs.org/minimatch/-/minimatch-3.1.2.tgz 0ms (cache hit)
282 http cache math-intrinsics@https://registry.npmjs.org/math-intrinsics/-/math-intrinsics-1.1.0.tgz 0ms (cache hit)
283 http cache magic-string@https://registry.npmjs.org/magic-string/-/magic-string-0.30.19.tgz 0ms (cache hit)
284 http cache lucide-react@https://registry.npmjs.org/lucide-react/-/lucide-react-0.542.0.tgz 0ms (cache hit)
285 http cache lru-cache@https://registry.npmjs.org/lru-cache/-/lru-cache-10.4.3.tgz 0ms (cache hit)
286 http cache loose-envify@https://registry.npmjs.org/loose-envify/-/loose-envify-1.4.0.tgz 0ms (cache hit)
287 http cache lodash.merge@https://registry.npmjs.org/lodash.merge/-/lodash.merge-4.6.2.tgz 0ms (cache hit)
288 http cache merge2@https://registry.npmjs.org/merge2/-/merge2-1.4.1.tgz 0ms (cache hit)
289 http cache locate-path@https://registry.npmjs.org/locate-path/-/locate-path-6.0.0.tgz 0ms (cache hit)
290 http cache lines-and-columns@https://registry.npmjs.org/lines-and-columns/-/lines-and-columns-1.2.4.tgz 0ms (cache hit)
291 http cache lilconfig@https://registry.npmjs.org/lilconfig/-/lilconfig-3.1.3.tgz 0ms (cache hit)
292 http cache lightningcss@https://registry.npmjs.org/lightningcss/-/lightningcss-1.30.1.tgz 0ms (cache hit)
293 http cache language-tags@https://registry.npmjs.org/language-tags/-/language-tags-1.0.9.tgz 0ms (cache hit)
294 http cache levn@https://registry.npmjs.org/levn/-/levn-0.4.1.tgz 0ms (cache hit)
295 http cache language-subtag-registry@https://registry.npmjs.org/language-subtag-registry/-/language-subtag-registry-0.3.23.tgz 0ms (cache hit)
296 http cache jsx-ast-utils@https://registry.npmjs.org/jsx-ast-utils/-/jsx-ast-utils-3.3.5.tgz 0ms (cache hit)
297 http cache lightningcss-darwin-arm64@https://registry.npmjs.org/lightningcss-darwin-arm64/-/lightningcss-darwin-arm64-1.30.1.tgz 0ms (cache hit)
298 http cache keyv@https://registry.npmjs.org/keyv/-/keyv-4.5.4.tgz 0ms (cache hit)
299 http cache json-stable-stringify-without-jsonify@https://registry.npmjs.org/json-stable-stringify-without-jsonify/-/json-stable-stringify-without-jsonify-1.0.1.tgz 0ms (cache hit)
300 http cache json-buffer@https://registry.npmjs.org/json-buffer/-/json-buffer-3.0.1.tgz 0ms (cache hit)
301 http cache jsesc@https://registry.npmjs.org/jsesc/-/jsesc-3.1.0.tgz 0ms (cache hit)
302 http cache json5@https://registry.npmjs.org/json5/-/json5-1.0.2.tgz 0ms (cache hit)
303 http cache js-tokens@https://registry.npmjs.org/js-tokens/-/js-tokens-4.0.0.tgz 0ms (cache hit)
304 http cache js-yaml@https://registry.npmjs.org/js-yaml/-/js-yaml-4.1.0.tgz 0ms (cache hit)
305 http cache jiti@https://registry.npmjs.org/jiti/-/jiti-2.6.1.tgz 0ms (cache hit)
306 http cache json-schema-traverse@https://registry.npmjs.org/json-schema-traverse/-/json-schema-traverse-0.4.1.tgz 0ms (cache hit)
307 http cache jackspeak@https://registry.npmjs.org/jackspeak/-/jackspeak-3.4.3.tgz 0ms (cache hit)
308 http cache iterator.prototype@https://registry.npmjs.org/iterator.prototype/-/iterator.prototype-1.1.5.tgz 0ms (cache hit)
309 http cache is-weakset@https://registry.npmjs.org/is-weakset/-/is-weakset-2.0.4.tgz 0ms (cache hit)
310 http cache isexe@https://registry.npmjs.org/isexe/-/isexe-2.0.0.tgz 0ms (cache hit)
311 http cache is-weakref@https://registry.npmjs.org/is-weakref/-/is-weakref-1.1.1.tgz 0ms (cache hit)
312 http cache is-weakmap@https://registry.npmjs.org/is-weakmap/-/is-weakmap-2.0.2.tgz 0ms (cache hit)
313 http cache is-typed-array@https://registry.npmjs.org/is-typed-array/-/is-typed-array-1.1.15.tgz 0ms (cache hit)
314 http cache isarray@https://registry.npmjs.org/isarray/-/isarray-2.0.5.tgz 0ms (cache hit)
315 http cache is-string@https://registry.npmjs.org/is-string/-/is-string-1.1.1.tgz 0ms (cache hit)
316 http cache is-shared-array-buffer@https://registry.npmjs.org/is-shared-array-buffer/-/is-shared-array-buffer-1.0.4.tgz 0ms (cache hit)
317 http cache is-set@https://registry.npmjs.org/is-set/-/is-set-2.0.3.tgz 0ms (cache hit)
318 http cache is-regex@https://registry.npmjs.org/is-regex/-/is-regex-1.2.1.tgz 0ms (cache hit)
319 http cache is-number-object@https://registry.npmjs.org/is-number-object/-/is-number-object-1.1.1.tgz 0ms (cache hit)
320 http cache is-number@https://registry.npmjs.org/is-number/-/is-number-7.0.0.tgz 0ms (cache hit)
321 http cache is-symbol@https://registry.npmjs.org/is-symbol/-/is-symbol-1.1.1.tgz 0ms (cache hit)
322 http cache is-negative-zero@https://registry.npmjs.org/is-negative-zero/-/is-negative-zero-2.0.3.tgz 0ms (cache hit)
323 http cache is-generator-function@https://registry.npmjs.org/is-generator-function/-/is-generator-function-1.1.2.tgz 0ms (cache hit)
324 http cache is-glob@https://registry.npmjs.org/is-glob/-/is-glob-4.0.3.tgz 0ms (cache hit)
325 http cache is-fullwidth-code-point@https://registry.npmjs.org/is-fullwidth-code-point/-/is-fullwidth-code-point-3.0.0.tgz 0ms (cache hit)
326 http cache is-finalizationregistry@https://registry.npmjs.org/is-finalizationregistry/-/is-finalizationregistry-1.1.1.tgz 0ms (cache hit)
327 http cache is-map@https://registry.npmjs.org/is-map/-/is-map-2.0.3.tgz 0ms (cache hit)
328 http cache is-extglob@https://registry.npmjs.org/is-extglob/-/is-extglob-2.1.1.tgz 0ms (cache hit)
329 http cache is-date-object@https://registry.npmjs.org/is-date-object/-/is-date-object-1.1.0.tgz 0ms (cache hit)
330 http cache is-data-view@https://registry.npmjs.org/is-data-view/-/is-data-view-1.0.2.tgz 0ms (cache hit)
331 http cache is-callable@https://registry.npmjs.org/is-callable/-/is-callable-1.2.7.tgz 0ms (cache hit)
332 http cache is-bun-module@https://registry.npmjs.org/is-bun-module/-/is-bun-module-2.0.0.tgz 0ms (cache hit)
333 http cache is-boolean-object@https://registry.npmjs.org/is-boolean-object/-/is-boolean-object-1.2.2.tgz 0ms (cache hit)
334 http cache is-binary-path@https://registry.npmjs.org/is-binary-path/-/is-binary-path-2.1.0.tgz 0ms (cache hit)
335 http cache is-core-module@https://registry.npmjs.org/is-core-module/-/is-core-module-2.16.1.tgz 0ms (cache hit)
336 http cache is-bigint@https://registry.npmjs.org/is-bigint/-/is-bigint-1.1.0.tgz 0ms (cache hit)
337 http cache is-async-function@https://registry.npmjs.org/is-async-function/-/is-async-function-2.1.1.tgz 0ms (cache hit)
338 http cache is-array-buffer@https://registry.npmjs.org/is-array-buffer/-/is-array-buffer-3.0.5.tgz 0ms (cache hit)
339 http cache imurmurhash@https://registry.npmjs.org/imurmurhash/-/imurmurhash-0.1.4.tgz 0ms (cache hit)
340 http cache import-fresh@https://registry.npmjs.org/import-fresh/-/import-fresh-3.3.1.tgz 0ms (cache hit)
341 http cache ignore@https://registry.npmjs.org/ignore/-/ignore-5.3.2.tgz 0ms (cache hit)
342 http cache hermes-parser@https://registry.npmjs.org/hermes-parser/-/hermes-parser-0.25.1.tgz 0ms (cache hit)
343 http cache hermes-estree@https://registry.npmjs.org/hermes-estree/-/hermes-estree-0.25.1.tgz 0ms (cache hit)
344 http cache internal-slot@https://registry.npmjs.org/internal-slot/-/internal-slot-1.1.0.tgz 0ms (cache hit)
345 http cache hasown@https://registry.npmjs.org/hasown/-/hasown-2.0.2.tgz 0ms (cache hit)
346 http cache has-tostringtag@https://registry.npmjs.org/has-tostringtag/-/has-tostringtag-1.0.2.tgz 0ms (cache hit)
347 http cache has-symbols@https://registry.npmjs.org/has-symbols/-/has-symbols-1.1.0.tgz 0ms (cache hit)
348 http cache has-property-descriptors@https://registry.npmjs.org/has-property-descriptors/-/has-property-descriptors-1.0.2.tgz 0ms (cache hit)
349 http cache has-bigints@https://registry.npmjs.org/has-bigints/-/has-bigints-1.1.0.tgz 0ms (cache hit)
350 http cache graphemer@https://registry.npmjs.org/graphemer/-/graphemer-1.4.0.tgz 0ms (cache hit)
351 http cache has-flag@https://registry.npmjs.org/has-flag/-/has-flag-4.0.0.tgz 0ms (cache hit)
352 http cache gopd@https://registry.npmjs.org/gopd/-/gopd-1.2.0.tgz 0ms (cache hit)
353 http cache graceful-fs@https://registry.npmjs.org/graceful-fs/-/graceful-fs-4.2.11.tgz 0ms (cache hit)
354 http cache globalthis@https://registry.npmjs.org/globalthis/-/globalthis-1.0.4.tgz 0ms (cache hit)
355 http cache has-proto@https://registry.npmjs.org/has-proto/-/has-proto-1.2.0.tgz 0ms (cache hit)
356 http cache globals@https://registry.npmjs.org/globals/-/globals-14.0.0.tgz 0ms (cache hit)
357 http cache glob-parent@https://registry.npmjs.org/glob-parent/-/glob-parent-6.0.2.tgz 0ms (cache hit)
358 http cache glob@https://registry.npmjs.org/glob/-/glob-10.4.5.tgz 0ms (cache hit)
359 http cache get-proto@https://registry.npmjs.org/get-proto/-/get-proto-1.0.1.tgz 0ms (cache hit)
360 http cache get-intrinsic@https://registry.npmjs.org/get-intrinsic/-/get-intrinsic-1.3.0.tgz 0ms (cache hit)
361 http cache gensync@https://registry.npmjs.org/gensync/-/gensync-1.0.0-beta.2.tgz 0ms (cache hit)
362 http cache get-symbol-description@https://registry.npmjs.org/get-symbol-description/-/get-symbol-description-1.1.0.tgz 0ms (cache hit)
363 http cache get-tsconfig@https://registry.npmjs.org/get-tsconfig/-/get-tsconfig-4.12.0.tgz 0ms (cache hit)
364 http cache functions-have-names@https://registry.npmjs.org/functions-have-names/-/functions-have-names-1.2.3.tgz 0ms (cache hit)
365 http cache function-bind@https://registry.npmjs.org/function-bind/-/function-bind-1.1.2.tgz 0ms (cache hit)
366 http cache generator-function@https://registry.npmjs.org/generator-function/-/generator-function-2.0.1.tgz 0ms (cache hit)
367 http cache fsevents@https://registry.npmjs.org/fsevents/-/fsevents-2.3.3.tgz 0ms (cache hit)
368 http cache framer-motion@https://registry.npmjs.org/framer-motion/-/framer-motion-12.23.24.tgz 0ms (cache hit)
369 http cache foreground-child@https://registry.npmjs.org/foreground-child/-/foreground-child-3.3.1.tgz 0ms (cache hit)
370 http cache fraction.js@https://registry.npmjs.org/fraction.js/-/fraction.js-4.3.7.tgz 0ms (cache hit)
371 http cache for-each@https://registry.npmjs.org/for-each/-/for-each-0.3.5.tgz 0ms (cache hit)
372 http cache function.prototype.name@https://registry.npmjs.org/function.prototype.name/-/function.prototype.name-1.1.8.tgz 0ms (cache hit)
373 http cache flatted@https://registry.npmjs.org/flatted/-/flatted-3.3.3.tgz 0ms (cache hit)
374 http cache flat-cache@https://registry.npmjs.org/flat-cache/-/flat-cache-4.0.1.tgz 0ms (cache hit)
375 http cache file-entry-cache@https://registry.npmjs.org/file-entry-cache/-/file-entry-cache-8.0.0.tgz 0ms (cache hit)
376 http cache find-up@https://registry.npmjs.org/find-up/-/find-up-5.0.0.tgz 0ms (cache hit)
377 http cache fastq@https://registry.npmjs.org/fastq/-/fastq-1.19.1.tgz 0ms (cache hit)
378 http cache fast-levenshtein@https://registry.npmjs.org/fast-levenshtein/-/fast-levenshtein-2.0.6.tgz 0ms (cache hit)
379 http cache fast-json-stable-stringify@https://registry.npmjs.org/fast-json-stable-stringify/-/fast-json-stable-stringify-2.1.0.tgz 0ms (cache hit)
380 http cache fill-range@https://registry.npmjs.org/fill-range/-/fill-range-7.1.1.tgz 0ms (cache hit)
381 http cache fast-deep-equal@https://registry.npmjs.org/fast-deep-equal/-/fast-deep-equal-3.1.3.tgz 0ms (cache hit)
382 http cache fast-glob@https://registry.npmjs.org/fast-glob/-/fast-glob-3.3.1.tgz 0ms (cache hit)
383 http cache esutils@https://registry.npmjs.org/esutils/-/esutils-2.0.3.tgz 0ms (cache hit)
384 http cache esrecurse@https://registry.npmjs.org/esrecurse/-/esrecurse-4.3.0.tgz 0ms (cache hit)
385 http cache espree@https://registry.npmjs.org/espree/-/espree-10.4.0.tgz 0ms (cache hit)
386 http cache esquery@https://registry.npmjs.org/esquery/-/esquery-1.6.0.tgz 0ms (cache hit)
387 http cache estraverse@https://registry.npmjs.org/estraverse/-/estraverse-5.3.0.tgz 0ms (cache hit)
388 http cache eslint-visitor-keys@https://registry.npmjs.org/eslint-visitor-keys/-/eslint-visitor-keys-4.2.1.tgz 0ms (cache hit)
389 http cache eslint-scope@https://registry.npmjs.org/eslint-scope/-/eslint-scope-8.4.0.tgz 0ms (cache hit)
390 http cache eslint-plugin-react-hooks@https://registry.npmjs.org/eslint-plugin-react-hooks/-/eslint-plugin-react-hooks-7.0.1.tgz 0ms (cache hit)
391 http cache eslint-module-utils@https://registry.npmjs.org/eslint-module-utils/-/eslint-module-utils-2.12.1.tgz 0ms (cache hit)
392 http cache eslint-plugin-jsx-a11y@https://registry.npmjs.org/eslint-plugin-jsx-a11y/-/eslint-plugin-jsx-a11y-6.10.2.tgz 0ms (cache hit)
393 http cache eslint-plugin-import@https://registry.npmjs.org/eslint-plugin-import/-/eslint-plugin-import-2.32.0.tgz 0ms (cache hit)
394 http cache eslint-import-resolver-typescript@https://registry.npmjs.org/eslint-import-resolver-typescript/-/eslint-import-resolver-typescript-3.10.1.tgz 0ms (cache hit)
395 http cache eslint-import-resolver-node@https://registry.npmjs.org/eslint-import-resolver-node/-/eslint-import-resolver-node-0.3.9.tgz 0ms (cache hit)
396 http cache eslint-config-next@https://registry.npmjs.org/eslint-config-next/-/eslint-config-next-16.0.1.tgz 0ms (cache hit)
397 http cache eslint-plugin-react@https://registry.npmjs.org/eslint-plugin-react/-/eslint-plugin-react-7.37.5.tgz 0ms (cache hit)
398 http cache eslint@https://registry.npmjs.org/eslint/-/eslint-9.37.0.tgz 0ms (cache hit)
399 http cache escape-string-regexp@https://registry.npmjs.org/escape-string-regexp/-/escape-string-regexp-4.0.0.tgz 0ms (cache hit)
400 http cache escalade@https://registry.npmjs.org/escalade/-/escalade-3.2.0.tgz 0ms (cache hit)
401 http cache es-shim-unscopables@https://registry.npmjs.org/es-shim-unscopables/-/es-shim-unscopables-1.1.0.tgz 0ms (cache hit)
402 http cache es-set-tostringtag@https://registry.npmjs.org/es-set-tostringtag/-/es-set-tostringtag-2.1.0.tgz 0ms (cache hit)
403 http cache es-object-atoms@https://registry.npmjs.org/es-object-atoms/-/es-object-atoms-1.1.1.tgz 0ms (cache hit)
404 http cache es-to-primitive@https://registry.npmjs.org/es-to-primitive/-/es-to-primitive-1.3.0.tgz 0ms (cache hit)
405 http cache es-iterator-helpers@https://registry.npmjs.org/es-iterator-helpers/-/es-iterator-helpers-1.2.1.tgz 0ms (cache hit)
406 http cache es-errors@https://registry.npmjs.org/es-errors/-/es-errors-1.3.0.tgz 0ms (cache hit)
407 http cache enhanced-resolve@https://registry.npmjs.org/enhanced-resolve/-/enhanced-resolve-5.18.3.tgz 0ms (cache hit)
408 http cache es-define-property@https://registry.npmjs.org/es-define-property/-/es-define-property-1.0.1.tgz 0ms (cache hit)
409 http cache emoji-regex@https://registry.npmjs.org/emoji-regex/-/emoji-regex-9.2.2.tgz 0ms (cache hit)
410 http cache electron-to-chromium@https://registry.npmjs.org/electron-to-chromium/-/electron-to-chromium-1.5.235.tgz 0ms (cache hit)
411 http cache eastasianwidth@https://registry.npmjs.org/eastasianwidth/-/eastasianwidth-0.2.0.tgz 0ms (cache hit)
412 http cache dunder-proto@https://registry.npmjs.org/dunder-proto/-/dunder-proto-1.0.1.tgz 0ms (cache hit)
413 http cache es-abstract@https://registry.npmjs.org/es-abstract/-/es-abstract-1.24.0.tgz 0ms (cache hit)
414 http cache doctrine@https://registry.npmjs.org/doctrine/-/doctrine-2.1.0.tgz 0ms (cache hit)
415 http cache didyoumean@https://registry.npmjs.org/didyoumean/-/didyoumean-1.2.2.tgz 0ms (cache hit)
416 http cache dlv@https://registry.npmjs.org/dlv/-/dlv-1.1.3.tgz 0ms (cache hit)
417 http cache define-properties@https://registry.npmjs.org/define-properties/-/define-properties-1.2.1.tgz 0ms (cache hit)
418 http cache define-data-property@https://registry.npmjs.org/define-data-property/-/define-data-property-1.1.4.tgz 0ms (cache hit)
419 http cache debug@https://registry.npmjs.org/debug/-/debug-4.4.3.tgz 0ms (cache hit)
420 http cache deep-is@https://registry.npmjs.org/deep-is/-/deep-is-0.1.4.tgz 0ms (cache hit)
421 http cache data-view-byte-length@https://registry.npmjs.org/data-view-byte-length/-/data-view-byte-length-1.0.2.tgz 0ms (cache hit)
422 http cache data-view-byte-offset@https://registry.npmjs.org/data-view-byte-offset/-/data-view-byte-offset-1.0.1.tgz 0ms (cache hit)
423 http cache data-view-buffer@https://registry.npmjs.org/data-view-buffer/-/data-view-buffer-1.0.2.tgz 0ms (cache hit)
424 http cache damerau-levenshtein@https://registry.npmjs.org/damerau-levenshtein/-/damerau-levenshtein-1.0.8.tgz 0ms (cache hit)
425 http cache csstype@https://registry.npmjs.org/csstype/-/csstype-3.1.3.tgz 0ms (cache hit)
426 http cache cssesc@https://registry.npmjs.org/cssesc/-/cssesc-3.0.0.tgz 0ms (cache hit)
427 http cache cross-spawn@https://registry.npmjs.org/cross-spawn/-/cross-spawn-7.0.6.tgz 0ms (cache hit)
428 http cache convert-source-map@https://registry.npmjs.org/convert-source-map/-/convert-source-map-2.0.0.tgz 0ms (cache hit)
429 http cache concat-map@https://registry.npmjs.org/concat-map/-/concat-map-0.0.1.tgz 0ms (cache hit)
430 http cache commander@https://registry.npmjs.org/commander/-/commander-4.1.1.tgz 0ms (cache hit)
431 http cache color-name@https://registry.npmjs.org/color-name/-/color-name-1.1.4.tgz 0ms (cache hit)
432 http cache color-convert@https://registry.npmjs.org/color-convert/-/color-convert-2.0.1.tgz 0ms (cache hit)
433 http cache detect-libc@https://registry.npmjs.org/detect-libc/-/detect-libc-2.1.2.tgz 0ms (cache hit)
434 http cache clsx@https://registry.npmjs.org/clsx/-/clsx-2.1.1.tgz 0ms (cache hit)
435 http cache client-only@https://registry.npmjs.org/client-only/-/client-only-0.0.1.tgz 0ms (cache hit)
436 http cache chownr@https://registry.npmjs.org/chownr/-/chownr-3.0.0.tgz 0ms (cache hit)
437 http cache chalk@https://registry.npmjs.org/chalk/-/chalk-4.1.2.tgz 0ms (cache hit)
438 http cache caniuse-lite@https://registry.npmjs.org/caniuse-lite/-/caniuse-lite-1.0.30001750.tgz 0ms (cache hit)
439 http cache camelcase-css@https://registry.npmjs.org/camelcase-css/-/camelcase-css-2.0.1.tgz 0ms (cache hit)
440 http cache call-bound@https://registry.npmjs.org/call-bound/-/call-bound-1.0.4.tgz 0ms (cache hit)
441 http cache call-bind-apply-helpers@https://registry.npmjs.org/call-bind-apply-helpers/-/call-bind-apply-helpers-1.0.2.tgz 0ms (cache hit)
442 http cache callsites@https://registry.npmjs.org/callsites/-/callsites-3.1.0.tgz 0ms (cache hit)
443 http cache call-bind@https://registry.npmjs.org/call-bind/-/call-bind-1.0.8.tgz 0ms (cache hit)
444 http cache braces@https://registry.npmjs.org/braces/-/braces-3.0.3.tgz 0ms (cache hit)
445 http cache chokidar@https://registry.npmjs.org/chokidar/-/chokidar-3.6.0.tgz 0ms (cache hit)
446 http cache brace-expansion@https://registry.npmjs.org/brace-expansion/-/brace-expansion-1.1.12.tgz 0ms (cache hit)
447 http cache browserslist@https://registry.npmjs.org/browserslist/-/browserslist-4.26.3.tgz 0ms (cache hit)
448 http cache baseline-browser-mapping@https://registry.npmjs.org/baseline-browser-mapping/-/baseline-browser-mapping-2.8.16.tgz 0ms (cache hit)
449 http cache balanced-match@https://registry.npmjs.org/balanced-match/-/balanced-match-1.0.2.tgz 0ms (cache hit)
450 http cache axobject-query@https://registry.npmjs.org/axobject-query/-/axobject-query-4.1.0.tgz 0ms (cache hit)
451 http cache axe-core@https://registry.npmjs.org/axe-core/-/axe-core-4.11.0.tgz 0ms (cache hit)
452 http cache available-typed-arrays@https://registry.npmjs.org/available-typed-arrays/-/available-typed-arrays-1.0.7.tgz 0ms (cache hit)
453 http cache autoprefixer@https://registry.npmjs.org/autoprefixer/-/autoprefixer-10.4.21.tgz 0ms (cache hit)
454 http cache binary-extensions@https://registry.npmjs.org/binary-extensions/-/binary-extensions-2.3.0.tgz 0ms (cache hit)
455 http cache ast-types-flow@https://registry.npmjs.org/ast-types-flow/-/ast-types-flow-0.0.8.tgz 0ms (cache hit)
456 http cache async-function@https://registry.npmjs.org/async-function/-/async-function-1.0.0.tgz 0ms (cache hit)
457 http cache arraybuffer.prototype.slice@https://registry.npmjs.org/arraybuffer.prototype.slice/-/arraybuffer.prototype.slice-1.0.4.tgz 0ms (cache hit)
458 http cache array.prototype.findlastindex@https://registry.npmjs.org/array.prototype.findlastindex/-/array.prototype.findlastindex-1.2.6.tgz 0ms (cache hit)
459 http cache array.prototype.flatmap@https://registry.npmjs.org/array.prototype.flatmap/-/array.prototype.flatmap-1.3.3.tgz 0ms (cache hit)
460 http cache array.prototype.findlast@https://registry.npmjs.org/array.prototype.findlast/-/array.prototype.findlast-1.2.5.tgz 0ms (cache hit)
461 http cache array-buffer-byte-length@https://registry.npmjs.org/array-buffer-byte-length/-/array-buffer-byte-length-1.0.2.tgz 0ms (cache hit)
462 http cache array-includes@https://registry.npmjs.org/array-includes/-/array-includes-3.1.9.tgz 0ms (cache hit)
463 http cache aria-query@https://registry.npmjs.org/aria-query/-/aria-query-5.3.2.tgz 0ms (cache hit)
464 http cache arg@https://registry.npmjs.org/arg/-/arg-5.0.2.tgz 0ms (cache hit)
465 http cache array.prototype.flat@https://registry.npmjs.org/array.prototype.flat/-/array.prototype.flat-1.3.3.tgz 0ms (cache hit)
466 http cache anymatch@https://registry.npmjs.org/anymatch/-/anymatch-3.1.3.tgz 0ms (cache hit)
467 http cache argparse@https://registry.npmjs.org/argparse/-/argparse-2.0.1.tgz 0ms (cache hit)
468 http cache any-promise@https://registry.npmjs.org/any-promise/-/any-promise-1.3.0.tgz 0ms (cache hit)
469 http cache ansi-regex@https://registry.npmjs.org/ansi-regex/-/ansi-regex-6.2.2.tgz 0ms (cache hit)
470 http cache ansi-styles@https://registry.npmjs.org/ansi-styles/-/ansi-styles-4.3.0.tgz 0ms (cache hit)
471 http cache ajv@https://registry.npmjs.org/ajv/-/ajv-6.12.6.tgz 0ms (cache hit)
472 http cache array.prototype.tosorted@https://registry.npmjs.org/array.prototype.tosorted/-/array.prototype.tosorted-1.1.4.tgz 0ms (cache hit)
473 http cache acorn-jsx@https://registry.npmjs.org/acorn-jsx/-/acorn-jsx-5.3.2.tgz 0ms (cache hit)
474 http cache acorn@https://registry.npmjs.org/acorn/-/acorn-8.15.0.tgz 0ms (cache hit)
475 http cache @unrs/resolver-binding-darwin-arm64@https://registry.npmjs.org/@unrs/resolver-binding-darwin-arm64/-/resolver-binding-darwin-arm64-1.11.1.tgz 0ms (cache hit)
476 http cache @typescript-eslint/typescript-estree@https://registry.npmjs.org/@typescript-eslint/typescript-estree/-/typescript-estree-8.46.2.tgz 0ms (cache hit)
477 http cache @typescript-eslint/utils@https://registry.npmjs.org/@typescript-eslint/utils/-/utils-8.46.2.tgz 0ms (cache hit)
478 http cache @typescript-eslint/type-utils@https://registry.npmjs.org/@typescript-eslint/type-utils/-/type-utils-8.46.2.tgz 0ms (cache hit)
479 http cache @typescript-eslint/types@https://registry.npmjs.org/@typescript-eslint/types/-/types-8.46.2.tgz 0ms (cache hit)
480 http cache @typescript-eslint/tsconfig-utils@https://registry.npmjs.org/@typescript-eslint/tsconfig-utils/-/tsconfig-utils-8.46.2.tgz 0ms (cache hit)
481 http cache @typescript-eslint/project-service@https://registry.npmjs.org/@typescript-eslint/project-service/-/project-service-8.46.2.tgz 0ms (cache hit)
482 http cache @typescript-eslint/scope-manager@https://registry.npmjs.org/@typescript-eslint/scope-manager/-/scope-manager-8.46.2.tgz 0ms (cache hit)
483 http cache @typescript-eslint/parser@https://registry.npmjs.org/@typescript-eslint/parser/-/parser-8.46.2.tgz 0ms (cache hit)
484 http cache @typescript-eslint/eslint-plugin@https://registry.npmjs.org/@typescript-eslint/eslint-plugin/-/eslint-plugin-8.46.2.tgz 0ms (cache hit)
485 http cache @types/react-dom@https://registry.npmjs.org/@types/react-dom/-/react-dom-19.2.2.tgz 0ms (cache hit)
486 http cache @types/node@https://registry.npmjs.org/@types/node/-/node-20.19.21.tgz 0ms (cache hit)
487 http cache @types/react@https://registry.npmjs.org/@types/react/-/react-19.2.2.tgz 0ms (cache hit)
488 http cache @types/json5@https://registry.npmjs.org/@types/json5/-/json5-0.0.29.tgz 0ms (cache hit)
489 http cache @types/json-schema@https://registry.npmjs.org/@types/json-schema/-/json-schema-7.0.15.tgz 0ms (cache hit)
490 http cache @tybys/wasm-util@https://registry.npmjs.org/@tybys/wasm-util/-/wasm-util-0.10.1.tgz 0ms (cache hit)
491 http cache @types/estree@https://registry.npmjs.org/@types/estree/-/estree-1.0.8.tgz 0ms (cache hit)
492 http cache @tanstack/react-query@https://registry.npmjs.org/@tanstack/react-query/-/react-query-5.90.3.tgz 0ms (cache hit)
493 http cache @tailwindcss/postcss@https://registry.npmjs.org/@tailwindcss/postcss/-/postcss-4.1.14.tgz 0ms (cache hit)
494 http cache @typescript-eslint/visitor-keys@https://registry.npmjs.org/@typescript-eslint/visitor-keys/-/visitor-keys-8.46.2.tgz 0ms (cache hit)
495 http cache @tanstack/query-core@https://registry.npmjs.org/@tanstack/query-core/-/query-core-5.90.3.tgz 0ms (cache hit)
496 http cache @tailwindcss/oxide-darwin-arm64@https://registry.npmjs.org/@tailwindcss/oxide-darwin-arm64/-/oxide-darwin-arm64-4.1.14.tgz 0ms (cache hit)
497 http cache @tailwindcss/oxide@https://registry.npmjs.org/@tailwindcss/oxide/-/oxide-4.1.14.tgz 0ms (cache hit)
498 http cache @swc/helpers@https://registry.npmjs.org/@swc/helpers/-/helpers-0.5.15.tgz 0ms (cache hit)
499 http cache @rtsao/scc@https://registry.npmjs.org/@rtsao/scc/-/scc-1.1.0.tgz 0ms (cache hit)
500 http cache @pkgjs/parseargs@https://registry.npmjs.org/@pkgjs/parseargs/-/parseargs-0.11.0.tgz 0ms (cache hit)
501 http cache @nolyfill/is-core-module@https://registry.npmjs.org/@nolyfill/is-core-module/-/is-core-module-1.0.39.tgz 0ms (cache hit)
502 http cache @nodelib/fs.walk@https://registry.npmjs.org/@nodelib/fs.walk/-/fs.walk-1.2.8.tgz 0ms (cache hit)
503 http cache @nodelib/fs.stat@https://registry.npmjs.org/@nodelib/fs.stat/-/fs.stat-2.0.5.tgz 0ms (cache hit)
504 http cache @nodelib/fs.scandir@https://registry.npmjs.org/@nodelib/fs.scandir/-/fs.scandir-2.1.5.tgz 0ms (cache hit)
505 http cache @tailwindcss/node@https://registry.npmjs.org/@tailwindcss/node/-/node-4.1.14.tgz 0ms (cache hit)
506 http cache @next/swc-darwin-arm64@https://registry.npmjs.org/@next/swc-darwin-arm64/-/swc-darwin-arm64-16.0.1.tgz 0ms (cache hit)
507 http cache @next/eslint-plugin-next@https://registry.npmjs.org/@next/eslint-plugin-next/-/eslint-plugin-next-16.0.1.tgz 0ms (cache hit)
508 http cache @next/env@https://registry.npmjs.org/@next/env/-/env-16.0.1.tgz 0ms (cache hit)
509 http cache @jridgewell/sourcemap-codec@https://registry.npmjs.org/@jridgewell/sourcemap-codec/-/sourcemap-codec-1.5.5.tgz 0ms (cache hit)
510 http cache @jridgewell/trace-mapping@https://registry.npmjs.org/@jridgewell/trace-mapping/-/trace-mapping-0.3.31.tgz 0ms (cache hit)
511 http cache @jridgewell/gen-mapping@https://registry.npmjs.org/@jridgewell/gen-mapping/-/gen-mapping-0.3.13.tgz 0ms (cache hit)
512 http cache @jridgewell/remapping@https://registry.npmjs.org/@jridgewell/remapping/-/remapping-2.3.5.tgz 0ms (cache hit)
513 http cache @napi-rs/wasm-runtime@https://registry.npmjs.org/@napi-rs/wasm-runtime/-/wasm-runtime-0.2.12.tgz 0ms (cache hit)
514 http cache @jridgewell/resolve-uri@https://registry.npmjs.org/@jridgewell/resolve-uri/-/resolve-uri-3.1.2.tgz 0ms (cache hit)
515 http cache @isaacs/fs-minipass@https://registry.npmjs.org/@isaacs/fs-minipass/-/fs-minipass-4.0.1.tgz 0ms (cache hit)
516 http cache @img/sharp-libvips-darwin-arm64@https://registry.npmjs.org/@img/sharp-libvips-darwin-arm64/-/sharp-libvips-darwin-arm64-1.2.3.tgz 0ms (cache hit)
517 http cache @img/sharp-darwin-arm64@https://registry.npmjs.org/@img/sharp-darwin-arm64/-/sharp-darwin-arm64-0.34.4.tgz 0ms (cache hit)
518 http cache @img/colour@https://registry.npmjs.org/@img/colour/-/colour-1.0.0.tgz 0ms (cache hit)
519 http cache @humanwhocodes/retry@https://registry.npmjs.org/@humanwhocodes/retry/-/retry-0.4.3.tgz 0ms (cache hit)
520 http cache @humanwhocodes/module-importer@https://registry.npmjs.org/@humanwhocodes/module-importer/-/module-importer-1.0.1.tgz 0ms (cache hit)
521 http cache @humanfs/node@https://registry.npmjs.org/@humanfs/node/-/node-0.16.7.tgz 0ms (cache hit)
522 http cache @humanfs/core@https://registry.npmjs.org/@humanfs/core/-/core-0.19.1.tgz 0ms (cache hit)
523 http cache @fullcalendar/react@https://registry.npmjs.org/@fullcalendar/react/-/react-6.1.19.tgz 0ms (cache hit)
524 http cache @fullcalendar/interaction@https://registry.npmjs.org/@fullcalendar/interaction/-/interaction-6.1.19.tgz 0ms (cache hit)
525 http cache @fullcalendar/daygrid@https://registry.npmjs.org/@fullcalendar/daygrid/-/daygrid-6.1.19.tgz 0ms (cache hit)
526 http cache @fullcalendar/core@https://registry.npmjs.org/@fullcalendar/core/-/core-6.1.19.tgz 0ms (cache hit)
527 http cache @eslint/plugin-kit@https://registry.npmjs.org/@eslint/plugin-kit/-/plugin-kit-0.4.0.tgz 0ms (cache hit)
528 http cache @eslint/js@https://registry.npmjs.org/@eslint/js/-/js-9.37.0.tgz 0ms (cache hit)
529 http cache @eslint/object-schema@https://registry.npmjs.org/@eslint/object-schema/-/object-schema-2.1.6.tgz 0ms (cache hit)
530 http cache @eslint/eslintrc@https://registry.npmjs.org/@eslint/eslintrc/-/eslintrc-3.3.1.tgz 0ms (cache hit)
531 http cache @eslint/core@https://registry.npmjs.org/@eslint/core/-/core-0.16.0.tgz 0ms (cache hit)
532 http cache @eslint/config-helpers@https://registry.npmjs.org/@eslint/config-helpers/-/config-helpers-0.4.0.tgz 0ms (cache hit)
533 http cache @eslint/config-array@https://registry.npmjs.org/@eslint/config-array/-/config-array-0.21.0.tgz 0ms (cache hit)
534 http cache @eslint-community/regexpp@https://registry.npmjs.org/@eslint-community/regexpp/-/regexpp-4.12.1.tgz 0ms (cache hit)
535 http cache @eslint-community/eslint-utils@https://registry.npmjs.org/@eslint-community/eslint-utils/-/eslint-utils-4.9.0.tgz 0ms (cache hit)
536 http cache @emnapi/wasi-threads@https://registry.npmjs.org/@emnapi/wasi-threads/-/wasi-threads-1.1.0.tgz 0ms (cache hit)
537 http cache @emnapi/runtime@https://registry.npmjs.org/@emnapi/runtime/-/runtime-1.5.0.tgz 0ms (cache hit)
538 http cache @babel/types@https://registry.npmjs.org/@babel/types/-/types-7.28.5.tgz 0ms (cache hit)
539 http cache @emnapi/core@https://registry.npmjs.org/@emnapi/core/-/core-1.5.0.tgz 0ms (cache hit)
540 http cache @babel/traverse@https://registry.npmjs.org/@babel/traverse/-/traverse-7.28.5.tgz 0ms (cache hit)
541 http cache @isaacs/cliui@https://registry.npmjs.org/@isaacs/cliui/-/cliui-8.0.2.tgz 0ms (cache hit)
542 http cache @babel/template@https://registry.npmjs.org/@babel/template/-/template-7.27.2.tgz 0ms (cache hit)
543 http cache @babel/helpers@https://registry.npmjs.org/@babel/helpers/-/helpers-7.28.4.tgz 0ms (cache hit)
544 http cache @babel/helper-validator-option@https://registry.npmjs.org/@babel/helper-validator-option/-/helper-validator-option-7.27.1.tgz 0ms (cache hit)
545 http cache @babel/helper-validator-identifier@https://registry.npmjs.org/@babel/helper-validator-identifier/-/helper-validator-identifier-7.28.5.tgz 0ms (cache hit)
546 http cache @babel/helper-string-parser@https://registry.npmjs.org/@babel/helper-string-parser/-/helper-string-parser-7.27.1.tgz 0ms (cache hit)
547 http cache @babel/helper-module-transforms@https://registry.npmjs.org/@babel/helper-module-transforms/-/helper-module-transforms-7.28.3.tgz 0ms (cache hit)
548 http cache @babel/parser@https://registry.npmjs.org/@babel/parser/-/parser-7.28.5.tgz 0ms (cache hit)
549 http cache @babel/helper-globals@https://registry.npmjs.org/@babel/helper-globals/-/helper-globals-7.28.0.tgz 0ms (cache hit)
550 http cache @babel/helper-compilation-targets@https://registry.npmjs.org/@babel/helper-compilation-targets/-/helper-compilation-targets-7.27.2.tgz 0ms (cache hit)
551 http cache @babel/generator@https://registry.npmjs.org/@babel/generator/-/generator-7.28.5.tgz 0ms (cache hit)
552 http cache @babel/core@https://registry.npmjs.org/@babel/core/-/core-7.28.5.tgz 0ms (cache hit)
553 http cache @babel/compat-data@https://registry.npmjs.org/@babel/compat-data/-/compat-data-7.28.5.tgz 0ms (cache hit)
554 http cache @alloc/quick-lru@https://registry.npmjs.org/@alloc/quick-lru/-/quick-lru-5.2.0.tgz 0ms (cache hit)
555 http cache ansi-regex@https://registry.npmjs.org/ansi-regex/-/ansi-regex-5.0.1.tgz 0ms (cache hit)
556 http cache @babel/helper-module-imports@https://registry.npmjs.org/@babel/helper-module-imports/-/helper-module-imports-7.27.1.tgz 0ms (cache hit)
557 http cache emoji-regex@https://registry.npmjs.org/emoji-regex/-/emoji-regex-8.0.0.tgz 0ms (cache hit)
558 http cache strip-ansi@https://registry.npmjs.org/strip-ansi/-/strip-ansi-6.0.1.tgz 0ms (cache hit)
559 http cache string-width@https://registry.npmjs.org/string-width/-/string-width-4.2.3.tgz 0ms (cache hit)
560 http cache picomatch@https://registry.npmjs.org/picomatch/-/picomatch-4.0.3.tgz 0ms (cache hit)
561 http cache fdir@https://registry.npmjs.org/fdir/-/fdir-6.5.0.tgz 0ms (cache hit)
562 http cache jiti@https://registry.npmjs.org/jiti/-/jiti-1.21.7.tgz 0ms (cache hit)
563 http cache fast-glob@https://registry.npmjs.org/fast-glob/-/fast-glob-3.3.3.tgz 0ms (cache hit)
564 http cache glob-parent@https://registry.npmjs.org/glob-parent/-/glob-parent-5.1.2.tgz 0ms (cache hit)
565 http cache ansi-styles@https://registry.npmjs.org/ansi-styles/-/ansi-styles-6.2.3.tgz 0ms (cache hit)
566 http cache ansi-regex@https://registry.npmjs.org/ansi-regex/-/ansi-regex-5.0.1.tgz 0ms (cache hit)
567 http cache strip-ansi@https://registry.npmjs.org/strip-ansi/-/strip-ansi-6.0.1.tgz 0ms (cache hit)
568 http cache emoji-regex@https://registry.npmjs.org/emoji-regex/-/emoji-regex-8.0.0.tgz 0ms (cache hit)
569 http cache postcss@https://registry.npmjs.org/postcss/-/postcss-8.4.31.tgz 0ms (cache hit)
570 http cache minimatch@https://registry.npmjs.org/minimatch/-/minimatch-9.0.5.tgz 0ms (cache hit)
571 http cache brace-expansion@https://registry.npmjs.org/brace-expansion/-/brace-expansion-2.0.2.tgz 0ms (cache hit)
572 http cache @babel/code-frame@https://registry.npmjs.org/@babel/code-frame/-/code-frame-7.27.1.tgz 0ms (cache hit)
573 http cache glob-parent@https://registry.npmjs.org/glob-parent/-/glob-parent-5.1.2.tgz 0ms (cache hit)
574 http cache resolve@https://registry.npmjs.org/resolve/-/resolve-2.0.0-next.5.tgz 0ms (cache hit)
575 http cache ansi-regex@https://registry.npmjs.org/ansi-regex/-/ansi-regex-5.0.1.tgz 0ms (cache hit)
576 http cache debug@https://registry.npmjs.org/debug/-/debug-3.2.7.tgz 0ms (cache hit)
577 http cache semver@https://registry.npmjs.org/semver/-/semver-6.3.1.tgz 0ms (cache hit)
578 http cache semver@https://registry.npmjs.org/semver/-/semver-6.3.1.tgz 0ms (cache hit)
579 http cache debug@https://registry.npmjs.org/debug/-/debug-3.2.7.tgz 0ms (cache hit)
580 http cache globals@https://registry.npmjs.org/globals/-/globals-16.4.0.tgz 0ms (cache hit)
581 http cache glob-parent@https://registry.npmjs.org/glob-parent/-/glob-parent-5.1.2.tgz 0ms (cache hit)
582 http cache minimatch@https://registry.npmjs.org/minimatch/-/minimatch-9.0.5.tgz 0ms (cache hit)
583 http cache glob-parent@https://registry.npmjs.org/glob-parent/-/glob-parent-5.1.2.tgz 0ms (cache hit)
584 http cache debug@https://registry.npmjs.org/debug/-/debug-3.2.7.tgz 0ms (cache hit)
585 http cache fast-glob@https://registry.npmjs.org/fast-glob/-/fast-glob-3.3.3.tgz 0ms (cache hit)
586 http cache brace-expansion@https://registry.npmjs.org/brace-expansion/-/brace-expansion-2.0.2.tgz 0ms (cache hit)
587 http cache ignore@https://registry.npmjs.org/ignore/-/ignore-7.0.5.tgz 0ms (cache hit)
588 http cache tailwindcss@https://registry.npmjs.org/tailwindcss/-/tailwindcss-4.1.14.tgz 0ms (cache hit)
589 http cache eslint-visitor-keys@https://registry.npmjs.org/eslint-visitor-keys/-/eslint-visitor-keys-3.4.3.tgz 0ms (cache hit)
590 http cache semver@https://registry.npmjs.org/semver/-/semver-6.3.1.tgz 0ms (cache hit)
591 http cache yallist@https://registry.npmjs.org/yallist/-/yallist-3.1.1.tgz 0ms (cache hit)
592 http cache tailwindcss@https://registry.npmjs.org/tailwindcss/-/tailwindcss-4.1.14.tgz 0ms (cache hit)
593 http cache lru-cache@https://registry.npmjs.org/lru-cache/-/lru-cache-5.1.1.tgz 0ms (cache hit)
594 http cache semver@https://registry.npmjs.org/semver/-/semver-6.3.1.tgz 0ms (cache hit)
595 http cache json5@https://registry.npmjs.org/json5/-/json5-2.2.3.tgz 0ms (cache hit)
596 silly tarball no local data for zod@https://registry.npmjs.org/zod/-/zod-4.1.12.tgz. Extracting by manifest.
597 silly tarball no local data for yocto-queue@https://registry.npmjs.org/yocto-queue/-/yocto-queue-0.1.0.tgz. Extracting by manifest.
598 silly tarball no local data for zod-validation-error@https://registry.npmjs.org/zod-validation-error/-/zod-validation-error-4.0.2.tgz. Extracting by manifest.
599 silly tarball no local data for yallist@https://registry.npmjs.org/yallist/-/yallist-5.0.0.tgz. Extracting by manifest.
600 silly tarball no local data for wrap-ansi-cjs@https://registry.npmjs.org/wrap-ansi/-/wrap-ansi-7.0.0.tgz. Extracting by manifest.
601 silly tarball no local data for wrap-ansi@https://registry.npmjs.org/wrap-ansi/-/wrap-ansi-8.1.0.tgz. Extracting by manifest.
602 silly tarball no local data for which-typed-array@https://registry.npmjs.org/which-typed-array/-/which-typed-array-1.1.19.tgz. Extracting by manifest.
603 silly tarball no local data for word-wrap@https://registry.npmjs.org/word-wrap/-/word-wrap-1.2.5.tgz. Extracting by manifest.
604 silly tarball no local data for which-collection@https://registry.npmjs.org/which-collection/-/which-collection-1.0.2.tgz. Extracting by manifest.
605 silly tarball no local data for which-builtin-type@https://registry.npmjs.org/which-builtin-type/-/which-builtin-type-1.2.1.tgz. Extracting by manifest.
606 silly tarball no local data for which@https://registry.npmjs.org/which/-/which-2.0.2.tgz. Extracting by manifest.
607 silly tarball no local data for util-deprecate@https://registry.npmjs.org/util-deprecate/-/util-deprecate-1.0.2.tgz. Extracting by manifest.
608 silly tarball no local data for uri-js@https://registry.npmjs.org/uri-js/-/uri-js-4.4.1.tgz. Extracting by manifest.
609 silly tarball no local data for update-browserslist-db@https://registry.npmjs.org/update-browserslist-db/-/update-browserslist-db-1.1.3.tgz. Extracting by manifest.
610 silly tarball no local data for which-boxed-primitive@https://registry.npmjs.org/which-boxed-primitive/-/which-boxed-primitive-1.1.1.tgz. Extracting by manifest.
611 silly tarball no local data for unrs-resolver@https://registry.npmjs.org/unrs-resolver/-/unrs-resolver-1.11.1.tgz. Extracting by manifest.
612 silly tarball no local data for unbox-primitive@https://registry.npmjs.org/unbox-primitive/-/unbox-primitive-1.1.0.tgz. Extracting by manifest.
613 silly tarball no local data for typescript-eslint@https://registry.npmjs.org/typescript-eslint/-/typescript-eslint-8.46.2.tgz. Extracting by manifest.
614 silly tarball no local data for undici-types@https://registry.npmjs.org/undici-types/-/undici-types-6.21.0.tgz. Extracting by manifest.
615 silly tarball no local data for typescript@https://registry.npmjs.org/typescript/-/typescript-5.9.3.tgz. Extracting by manifest.
616 silly tarball no local data for typed-array-length@https://registry.npmjs.org/typed-array-length/-/typed-array-length-1.0.7.tgz. Extracting by manifest.
617 silly tarball no local data for typed-array-buffer@https://registry.npmjs.org/typed-array-buffer/-/typed-array-buffer-1.0.3.tgz. Extracting by manifest.
618 silly tarball no local data for typed-array-byte-length@https://registry.npmjs.org/typed-array-byte-length/-/typed-array-byte-length-1.0.3.tgz. Extracting by manifest.
619 silly tarball no local data for type-check@https://registry.npmjs.org/type-check/-/type-check-0.4.0.tgz. Extracting by manifest.
620 silly tarball no local data for tslib@https://registry.npmjs.org/tslib/-/tslib-2.8.1.tgz. Extracting by manifest.
621 silly tarball no local data for tsconfig-paths@https://registry.npmjs.org/tsconfig-paths/-/tsconfig-paths-3.15.0.tgz. Extracting by manifest.
622 silly tarball no local data for ts-interface-checker@https://registry.npmjs.org/ts-interface-checker/-/ts-interface-checker-0.1.13.tgz. Extracting by manifest.
623 silly tarball no local data for ts-api-utils@https://registry.npmjs.org/ts-api-utils/-/ts-api-utils-2.1.0.tgz. Extracting by manifest.
624 silly tarball no local data for tinyglobby@https://registry.npmjs.org/tinyglobby/-/tinyglobby-0.2.15.tgz. Extracting by manifest.
625 silly tarball no local data for to-regex-range@https://registry.npmjs.org/to-regex-range/-/to-regex-range-5.0.1.tgz. Extracting by manifest.
626 silly tarball no local data for thenify-all@https://registry.npmjs.org/thenify-all/-/thenify-all-1.6.0.tgz. Extracting by manifest.
627 silly tarball no local data for tar@https://registry.npmjs.org/tar/-/tar-7.5.1.tgz. Extracting by manifest.
628 silly tarball no local data for thenify@https://registry.npmjs.org/thenify/-/thenify-3.3.1.tgz. Extracting by manifest.
629 silly tarball no local data for tapable@https://registry.npmjs.org/tapable/-/tapable-2.3.0.tgz. Extracting by manifest.
630 silly tarball no local data for tailwindcss@https://registry.npmjs.org/tailwindcss/-/tailwindcss-3.4.18.tgz. Extracting by manifest.
631 silly tarball no local data for tailwind-merge@https://registry.npmjs.org/tailwind-merge/-/tailwind-merge-3.3.1.tgz. Extracting by manifest.
632 silly tarball no local data for supports-preserve-symlinks-flag@https://registry.npmjs.org/supports-preserve-symlinks-flag/-/supports-preserve-symlinks-flag-1.0.0.tgz. Extracting by manifest.
633 silly tarball no local data for sucrase@https://registry.npmjs.org/sucrase/-/sucrase-3.35.0.tgz. Extracting by manifest.
634 silly tarball no local data for supports-color@https://registry.npmjs.org/supports-color/-/supports-color-7.2.0.tgz. Extracting by manifest.
635 silly tarball no local data for styled-jsx@https://registry.npmjs.org/styled-jsx/-/styled-jsx-5.1.6.tgz. Extracting by manifest.
636 silly tarball no local data for strip-bom@https://registry.npmjs.org/strip-bom/-/strip-bom-3.0.0.tgz. Extracting by manifest.
637 silly tarball no local data for strip-json-comments@https://registry.npmjs.org/strip-json-comments/-/strip-json-comments-3.1.1.tgz. Extracting by manifest.
638 silly tarball no local data for strip-ansi-cjs@https://registry.npmjs.org/strip-ansi/-/strip-ansi-6.0.1.tgz. Extracting by manifest.
639 silly tarball no local data for strip-ansi@https://registry.npmjs.org/strip-ansi/-/strip-ansi-7.1.2.tgz. Extracting by manifest.
640 silly tarball no local data for string.prototype.trimstart@https://registry.npmjs.org/string.prototype.trimstart/-/string.prototype.trimstart-1.0.8.tgz. Extracting by manifest.
641 silly tarball no local data for string.prototype.trimend@https://registry.npmjs.org/string.prototype.trimend/-/string.prototype.trimend-1.0.9.tgz. Extracting by manifest.
642 silly tarball no local data for string.prototype.trim@https://registry.npmjs.org/string.prototype.trim/-/string.prototype.trim-1.2.10.tgz. Extracting by manifest.
643 silly tarball no local data for typed-array-byte-offset@https://registry.npmjs.org/typed-array-byte-offset/-/typed-array-byte-offset-1.0.4.tgz. Extracting by manifest.
644 silly tarball no local data for string.prototype.repeat@https://registry.npmjs.org/string.prototype.repeat/-/string.prototype.repeat-1.0.0.tgz. Extracting by manifest.
645 silly tarball no local data for string.prototype.includes@https://registry.npmjs.org/string.prototype.includes/-/string.prototype.includes-2.0.1.tgz. Extracting by manifest.
646 silly tarball no local data for string.prototype.matchall@https://registry.npmjs.org/string.prototype.matchall/-/string.prototype.matchall-4.0.12.tgz. Extracting by manifest.
647 silly tarball no local data for string-width@https://registry.npmjs.org/string-width/-/string-width-5.1.2.tgz. Extracting by manifest.
648 silly tarball no local data for stable-hash@https://registry.npmjs.org/stable-hash/-/stable-hash-0.0.5.tgz. Extracting by manifest.
649 silly tarball no local data for stop-iteration-iterator@https://registry.npmjs.org/stop-iteration-iterator/-/stop-iteration-iterator-1.1.0.tgz. Extracting by manifest.
650 silly tarball no local data for sonner@https://registry.npmjs.org/sonner/-/sonner-2.0.7.tgz. Extracting by manifest.
651 silly tarball no local data for source-map-js@https://registry.npmjs.org/source-map-js/-/source-map-js-1.2.1.tgz. Extracting by manifest.
652 silly tarball no local data for signal-exit@https://registry.npmjs.org/signal-exit/-/signal-exit-4.1.0.tgz. Extracting by manifest.
653 silly tarball no local data for side-channel-weakmap@https://registry.npmjs.org/side-channel-weakmap/-/side-channel-weakmap-1.0.2.tgz. Extracting by manifest.
654 silly tarball no local data for side-channel-map@https://registry.npmjs.org/side-channel-map/-/side-channel-map-1.0.1.tgz. Extracting by manifest.
655 silly tarball no local data for side-channel@https://registry.npmjs.org/side-channel/-/side-channel-1.1.0.tgz. Extracting by manifest.
656 silly tarball no local data for side-channel-list@https://registry.npmjs.org/side-channel-list/-/side-channel-list-1.0.0.tgz. Extracting by manifest.
657 silly tarball no local data for shebang-regex@https://registry.npmjs.org/shebang-regex/-/shebang-regex-3.0.0.tgz. Extracting by manifest.
658 silly tarball no local data for shebang-command@https://registry.npmjs.org/shebang-command/-/shebang-command-2.0.0.tgz. Extracting by manifest.
659 silly tarball no local data for sharp@https://registry.npmjs.org/sharp/-/sharp-0.34.4.tgz. Extracting by manifest.
660 silly tarball no local data for set-proto@https://registry.npmjs.org/set-proto/-/set-proto-1.0.0.tgz. Extracting by manifest.
661 silly tarball no local data for set-function-name@https://registry.npmjs.org/set-function-name/-/set-function-name-2.0.2.tgz. Extracting by manifest.
662 silly tarball no local data for semver@https://registry.npmjs.org/semver/-/semver-7.7.3.tgz. Extracting by manifest.
663 silly tarball no local data for set-function-length@https://registry.npmjs.org/set-function-length/-/set-function-length-1.2.2.tgz. Extracting by manifest.
664 silly tarball no local data for scheduler@https://registry.npmjs.org/scheduler/-/scheduler-0.26.0.tgz. Extracting by manifest.
665 silly tarball no local data for string-width-cjs@https://registry.npmjs.org/string-width/-/string-width-4.2.3.tgz. Extracting by manifest.
666 silly tarball no local data for safe-regex-test@https://registry.npmjs.org/safe-regex-test/-/safe-regex-test-1.1.0.tgz. Extracting by manifest.
667 silly tarball no local data for safe-push-apply@https://registry.npmjs.org/safe-push-apply/-/safe-push-apply-1.0.0.tgz. Extracting by manifest.
668 silly tarball no local data for resolve-pkg-maps@https://registry.npmjs.org/resolve-pkg-maps/-/resolve-pkg-maps-1.0.0.tgz. Extracting by manifest.
669 silly tarball no local data for reusify@https://registry.npmjs.org/reusify/-/reusify-1.1.0.tgz. Extracting by manifest.
670 silly tarball no local data for safe-array-concat@https://registry.npmjs.org/safe-array-concat/-/safe-array-concat-1.1.3.tgz. Extracting by manifest.
671 silly tarball no local data for resolve-from@https://registry.npmjs.org/resolve-from/-/resolve-from-4.0.0.tgz. Extracting by manifest.
672 silly tarball no local data for resolve@https://registry.npmjs.org/resolve/-/resolve-1.22.10.tgz. Extracting by manifest.
673 silly tarball no local data for regexp.prototype.flags@https://registry.npmjs.org/regexp.prototype.flags/-/regexp.prototype.flags-1.5.4.tgz. Extracting by manifest.
674 silly tarball no local data for readdirp@https://registry.npmjs.org/readdirp/-/readdirp-3.6.0.tgz. Extracting by manifest.
675 silly tarball no local data for run-parallel@https://registry.npmjs.org/run-parallel/-/run-parallel-1.2.0.tgz. Extracting by manifest.
676 silly tarball no local data for reflect.getprototypeof@https://registry.npmjs.org/reflect.getprototypeof/-/reflect.getprototypeof-1.0.10.tgz. Extracting by manifest.
677 silly tarball no local data for read-cache@https://registry.npmjs.org/read-cache/-/read-cache-1.0.0.tgz. Extracting by manifest.
678 silly tarball no local data for react-is@https://registry.npmjs.org/react-is/-/react-is-16.13.1.tgz. Extracting by manifest.
679 silly tarball no local data for react-dom@https://registry.npmjs.org/react-dom/-/react-dom-19.1.0.tgz. Extracting by manifest.
680 silly tarball no local data for react@https://registry.npmjs.org/react/-/react-19.1.0.tgz. Extracting by manifest.
681 silly tarball no local data for queue-microtask@https://registry.npmjs.org/queue-microtask/-/queue-microtask-1.2.3.tgz. Extracting by manifest.
682 silly tarball no local data for prop-types@https://registry.npmjs.org/prop-types/-/prop-types-15.8.1.tgz. Extracting by manifest.
683 silly tarball no local data for prelude-ls@https://registry.npmjs.org/prelude-ls/-/prelude-ls-1.2.1.tgz. Extracting by manifest.
684 silly tarball no local data for preact@https://registry.npmjs.org/preact/-/preact-10.12.1.tgz. Extracting by manifest.
685 silly tarball no local data for punycode@https://registry.npmjs.org/punycode/-/punycode-2.3.1.tgz. Extracting by manifest.
686 silly tarball no local data for postcss-value-parser@https://registry.npmjs.org/postcss-value-parser/-/postcss-value-parser-4.2.0.tgz. Extracting by manifest.
687 silly tarball no local data for postcss-selector-parser@https://registry.npmjs.org/postcss-selector-parser/-/postcss-selector-parser-6.1.2.tgz. Extracting by manifest.
688 silly tarball no local data for postcss-nested@https://registry.npmjs.org/postcss-nested/-/postcss-nested-6.2.0.tgz. Extracting by manifest.
689 silly tarball no local data for postcss-import@https://registry.npmjs.org/postcss-import/-/postcss-import-15.1.0.tgz. Extracting by manifest.
690 silly tarball no local data for postcss-js@https://registry.npmjs.org/postcss-js/-/postcss-js-4.1.0.tgz. Extracting by manifest.
691 silly tarball no local data for postcss@https://registry.npmjs.org/postcss/-/postcss-8.5.6.tgz. Extracting by manifest.
692 silly tarball no local data for possible-typed-array-names@https://registry.npmjs.org/possible-typed-array-names/-/possible-typed-array-names-1.1.0.tgz. Extracting by manifest.
693 silly tarball no local data for pirates@https://registry.npmjs.org/pirates/-/pirates-4.0.7.tgz. Extracting by manifest.
694 silly tarball no local data for postcss-load-config@https://registry.npmjs.org/postcss-load-config/-/postcss-load-config-6.0.1.tgz. Extracting by manifest.
695 silly tarball no local data for picocolors@https://registry.npmjs.org/picocolors/-/picocolors-1.1.1.tgz. Extracting by manifest.
696 silly tarball no local data for picomatch@https://registry.npmjs.org/picomatch/-/picomatch-2.3.1.tgz. Extracting by manifest.
697 silly tarball no local data for path-scurry@https://registry.npmjs.org/path-scurry/-/path-scurry-1.11.1.tgz. Extracting by manifest.
698 silly tarball no local data for path-parse@https://registry.npmjs.org/path-parse/-/path-parse-1.0.7.tgz. Extracting by manifest.
699 silly tarball no local data for path-key@https://registry.npmjs.org/path-key/-/path-key-3.1.1.tgz. Extracting by manifest.
700 silly tarball no local data for pify@https://registry.npmjs.org/pify/-/pify-2.3.0.tgz. Extracting by manifest.
701 silly tarball no local data for parent-module@https://registry.npmjs.org/parent-module/-/parent-module-1.0.1.tgz. Extracting by manifest.
702 silly tarball no local data for package-json-from-dist@https://registry.npmjs.org/package-json-from-dist/-/package-json-from-dist-1.0.1.tgz. Extracting by manifest.
703 silly tarball no local data for p-locate@https://registry.npmjs.org/p-locate/-/p-locate-5.0.0.tgz. Extracting by manifest.
704 silly tarball no local data for optionator@https://registry.npmjs.org/optionator/-/optionator-0.9.4.tgz. Extracting by manifest.
705 silly tarball no local data for p-limit@https://registry.npmjs.org/p-limit/-/p-limit-3.1.0.tgz. Extracting by manifest.
706 silly tarball no local data for object.values@https://registry.npmjs.org/object.values/-/object.values-1.2.1.tgz. Extracting by manifest.
707 silly tarball no local data for object.groupby@https://registry.npmjs.org/object.groupby/-/object.groupby-1.0.3.tgz. Extracting by manifest.
708 silly tarball no local data for own-keys@https://registry.npmjs.org/own-keys/-/own-keys-1.0.1.tgz. Extracting by manifest.
709 silly tarball no local data for object.fromentries@https://registry.npmjs.org/object.fromentries/-/object.fromentries-2.0.8.tgz. Extracting by manifest.
710 silly tarball no local data for object.entries@https://registry.npmjs.org/object.entries/-/object.entries-1.1.9.tgz. Extracting by manifest.
711 silly tarball no local data for object.assign@https://registry.npmjs.org/object.assign/-/object.assign-4.1.7.tgz. Extracting by manifest.
712 silly tarball no local data for object-keys@https://registry.npmjs.org/object-keys/-/object-keys-1.1.1.tgz. Extracting by manifest.
713 silly tarball no local data for object-inspect@https://registry.npmjs.org/object-inspect/-/object-inspect-1.13.4.tgz. Extracting by manifest.
714 silly tarball no local data for object-hash@https://registry.npmjs.org/object-hash/-/object-hash-3.0.0.tgz. Extracting by manifest.
715 silly tarball no local data for object-assign@https://registry.npmjs.org/object-assign/-/object-assign-4.1.1.tgz. Extracting by manifest.
716 silly tarball no local data for path-exists@https://registry.npmjs.org/path-exists/-/path-exists-4.0.0.tgz. Extracting by manifest.
717 silly tarball no local data for normalize-range@https://registry.npmjs.org/normalize-range/-/normalize-range-0.1.2.tgz. Extracting by manifest.
718 silly tarball no local data for normalize-path@https://registry.npmjs.org/normalize-path/-/normalize-path-3.0.0.tgz. Extracting by manifest.
719 silly tarball no local data for node-releases@https://registry.npmjs.org/node-releases/-/node-releases-2.0.23.tgz. Extracting by manifest.
720 silly tarball no local data for natural-compare@https://registry.npmjs.org/natural-compare/-/natural-compare-1.4.0.tgz. Extracting by manifest.
721 silly tarball no local data for napi-postinstall@https://registry.npmjs.org/napi-postinstall/-/napi-postinstall-0.3.4.tgz. Extracting by manifest.
722 silly tarball no local data for nanoid@https://registry.npmjs.org/nanoid/-/nanoid-3.3.11.tgz. Extracting by manifest.
723 silly tarball no local data for mz@https://registry.npmjs.org/mz/-/mz-2.7.0.tgz. Extracting by manifest.
724 silly tarball no local data for ms@https://registry.npmjs.org/ms/-/ms-2.1.3.tgz. Extracting by manifest.
725 silly tarball no local data for motion-utils@https://registry.npmjs.org/motion-utils/-/motion-utils-12.23.6.tgz. Extracting by manifest.
726 silly tarball no local data for motion-dom@https://registry.npmjs.org/motion-dom/-/motion-dom-12.23.23.tgz. Extracting by manifest.
727 silly tarball no local data for minipass@https://registry.npmjs.org/minipass/-/minipass-7.1.2.tgz. Extracting by manifest.
728 silly tarball no local data for minizlib@https://registry.npmjs.org/minizlib/-/minizlib-3.1.0.tgz. Extracting by manifest.
729 silly tarball no local data for next@https://registry.npmjs.org/next/-/next-16.0.1.tgz. Extracting by manifest.
730 silly tarball no local data for minimist@https://registry.npmjs.org/minimist/-/minimist-1.2.8.tgz. Extracting by manifest.
731 silly tarball no local data for micromatch@https://registry.npmjs.org/micromatch/-/micromatch-4.0.8.tgz. Extracting by manifest.
732 silly tarball no local data for minimatch@https://registry.npmjs.org/minimatch/-/minimatch-3.1.2.tgz. Extracting by manifest.
733 silly tarball no local data for math-intrinsics@https://registry.npmjs.org/math-intrinsics/-/math-intrinsics-1.1.0.tgz. Extracting by manifest.
734 silly tarball no local data for magic-string@https://registry.npmjs.org/magic-string/-/magic-string-0.30.19.tgz. Extracting by manifest.
735 silly tarball no local data for lucide-react@https://registry.npmjs.org/lucide-react/-/lucide-react-0.542.0.tgz. Extracting by manifest.
736 silly tarball no local data for lru-cache@https://registry.npmjs.org/lru-cache/-/lru-cache-10.4.3.tgz. Extracting by manifest.
737 silly tarball no local data for loose-envify@https://registry.npmjs.org/loose-envify/-/loose-envify-1.4.0.tgz. Extracting by manifest.
738 silly tarball no local data for lodash.merge@https://registry.npmjs.org/lodash.merge/-/lodash.merge-4.6.2.tgz. Extracting by manifest.
739 silly tarball no local data for merge2@https://registry.npmjs.org/merge2/-/merge2-1.4.1.tgz. Extracting by manifest.
740 silly tarball no local data for locate-path@https://registry.npmjs.org/locate-path/-/locate-path-6.0.0.tgz. Extracting by manifest.
741 silly tarball no local data for lines-and-columns@https://registry.npmjs.org/lines-and-columns/-/lines-and-columns-1.2.4.tgz. Extracting by manifest.
742 silly tarball no local data for lilconfig@https://registry.npmjs.org/lilconfig/-/lilconfig-3.1.3.tgz. Extracting by manifest.
743 silly tarball no local data for lightningcss@https://registry.npmjs.org/lightningcss/-/lightningcss-1.30.1.tgz. Extracting by manifest.
744 silly tarball no local data for language-tags@https://registry.npmjs.org/language-tags/-/language-tags-1.0.9.tgz. Extracting by manifest.
745 silly tarball no local data for levn@https://registry.npmjs.org/levn/-/levn-0.4.1.tgz. Extracting by manifest.
746 silly tarball no local data for language-subtag-registry@https://registry.npmjs.org/language-subtag-registry/-/language-subtag-registry-0.3.23.tgz. Extracting by manifest.
747 silly tarball no local data for jsx-ast-utils@https://registry.npmjs.org/jsx-ast-utils/-/jsx-ast-utils-3.3.5.tgz. Extracting by manifest.
748 silly tarball no local data for lightningcss-darwin-arm64@https://registry.npmjs.org/lightningcss-darwin-arm64/-/lightningcss-darwin-arm64-1.30.1.tgz. Extracting by manifest.
749 silly tarball no local data for keyv@https://registry.npmjs.org/keyv/-/keyv-4.5.4.tgz. Extracting by manifest.
750 silly tarball no local data for json-stable-stringify-without-jsonify@https://registry.npmjs.org/json-stable-stringify-without-jsonify/-/json-stable-stringify-without-jsonify-1.0.1.tgz. Extracting by manifest.
751 silly tarball no local data for json-buffer@https://registry.npmjs.org/json-buffer/-/json-buffer-3.0.1.tgz. Extracting by manifest.
752 silly tarball no local data for jsesc@https://registry.npmjs.org/jsesc/-/jsesc-3.1.0.tgz. Extracting by manifest.
753 silly tarball no local data for json5@https://registry.npmjs.org/json5/-/json5-1.0.2.tgz. Extracting by manifest.
754 silly tarball no local data for js-tokens@https://registry.npmjs.org/js-tokens/-/js-tokens-4.0.0.tgz. Extracting by manifest.
755 silly tarball no local data for js-yaml@https://registry.npmjs.org/js-yaml/-/js-yaml-4.1.0.tgz. Extracting by manifest.
756 silly tarball no local data for jiti@https://registry.npmjs.org/jiti/-/jiti-2.6.1.tgz. Extracting by manifest.
757 silly tarball no local data for json-schema-traverse@https://registry.npmjs.org/json-schema-traverse/-/json-schema-traverse-0.4.1.tgz. Extracting by manifest.
758 silly tarball no local data for jackspeak@https://registry.npmjs.org/jackspeak/-/jackspeak-3.4.3.tgz. Extracting by manifest.
759 silly tarball no local data for iterator.prototype@https://registry.npmjs.org/iterator.prototype/-/iterator.prototype-1.1.5.tgz. Extracting by manifest.
760 silly tarball no local data for is-weakset@https://registry.npmjs.org/is-weakset/-/is-weakset-2.0.4.tgz. Extracting by manifest.
761 silly tarball no local data for isexe@https://registry.npmjs.org/isexe/-/isexe-2.0.0.tgz. Extracting by manifest.
762 silly tarball no local data for is-weakref@https://registry.npmjs.org/is-weakref/-/is-weakref-1.1.1.tgz. Extracting by manifest.
763 silly tarball no local data for is-weakmap@https://registry.npmjs.org/is-weakmap/-/is-weakmap-2.0.2.tgz. Extracting by manifest.
764 silly tarball no local data for is-typed-array@https://registry.npmjs.org/is-typed-array/-/is-typed-array-1.1.15.tgz. Extracting by manifest.
765 silly tarball no local data for isarray@https://registry.npmjs.org/isarray/-/isarray-2.0.5.tgz. Extracting by manifest.
766 silly tarball no local data for is-string@https://registry.npmjs.org/is-string/-/is-string-1.1.1.tgz. Extracting by manifest.
767 silly tarball no local data for is-shared-array-buffer@https://registry.npmjs.org/is-shared-array-buffer/-/is-shared-array-buffer-1.0.4.tgz. Extracting by manifest.
768 silly tarball no local data for is-set@https://registry.npmjs.org/is-set/-/is-set-2.0.3.tgz. Extracting by manifest.
769 silly tarball no local data for is-regex@https://registry.npmjs.org/is-regex/-/is-regex-1.2.1.tgz. Extracting by manifest.
770 silly tarball no local data for is-number-object@https://registry.npmjs.org/is-number-object/-/is-number-object-1.1.1.tgz. Extracting by manifest.
771 silly tarball no local data for is-number@https://registry.npmjs.org/is-number/-/is-number-7.0.0.tgz. Extracting by manifest.
772 silly tarball no local data for is-symbol@https://registry.npmjs.org/is-symbol/-/is-symbol-1.1.1.tgz. Extracting by manifest.
773 silly tarball no local data for is-negative-zero@https://registry.npmjs.org/is-negative-zero/-/is-negative-zero-2.0.3.tgz. Extracting by manifest.
774 silly tarball no local data for is-generator-function@https://registry.npmjs.org/is-generator-function/-/is-generator-function-1.1.2.tgz. Extracting by manifest.
775 silly tarball no local data for is-glob@https://registry.npmjs.org/is-glob/-/is-glob-4.0.3.tgz. Extracting by manifest.
776 silly tarball no local data for is-fullwidth-code-point@https://registry.npmjs.org/is-fullwidth-code-point/-/is-fullwidth-code-point-3.0.0.tgz. Extracting by manifest.
777 silly tarball no local data for is-finalizationregistry@https://registry.npmjs.org/is-finalizationregistry/-/is-finalizationregistry-1.1.1.tgz. Extracting by manifest.
778 silly tarball no local data for is-map@https://registry.npmjs.org/is-map/-/is-map-2.0.3.tgz. Extracting by manifest.
779 silly tarball no local data for is-extglob@https://registry.npmjs.org/is-extglob/-/is-extglob-2.1.1.tgz. Extracting by manifest.
780 silly tarball no local data for is-date-object@https://registry.npmjs.org/is-date-object/-/is-date-object-1.1.0.tgz. Extracting by manifest.
781 silly tarball no local data for is-data-view@https://registry.npmjs.org/is-data-view/-/is-data-view-1.0.2.tgz. Extracting by manifest.
782 silly tarball no local data for is-callable@https://registry.npmjs.org/is-callable/-/is-callable-1.2.7.tgz. Extracting by manifest.
783 silly tarball no local data for is-bun-module@https://registry.npmjs.org/is-bun-module/-/is-bun-module-2.0.0.tgz. Extracting by manifest.
784 silly tarball no local data for is-boolean-object@https://registry.npmjs.org/is-boolean-object/-/is-boolean-object-1.2.2.tgz. Extracting by manifest.
785 silly tarball no local data for is-binary-path@https://registry.npmjs.org/is-binary-path/-/is-binary-path-2.1.0.tgz. Extracting by manifest.
786 silly tarball no local data for is-core-module@https://registry.npmjs.org/is-core-module/-/is-core-module-2.16.1.tgz. Extracting by manifest.
787 silly tarball no local data for is-bigint@https://registry.npmjs.org/is-bigint/-/is-bigint-1.1.0.tgz. Extracting by manifest.
788 silly tarball no local data for is-async-function@https://registry.npmjs.org/is-async-function/-/is-async-function-2.1.1.tgz. Extracting by manifest.
789 silly tarball no local data for is-array-buffer@https://registry.npmjs.org/is-array-buffer/-/is-array-buffer-3.0.5.tgz. Extracting by manifest.
790 silly tarball no local data for imurmurhash@https://registry.npmjs.org/imurmurhash/-/imurmurhash-0.1.4.tgz. Extracting by manifest.
791 silly tarball no local data for import-fresh@https://registry.npmjs.org/import-fresh/-/import-fresh-3.3.1.tgz. Extracting by manifest.
792 silly tarball no local data for ignore@https://registry.npmjs.org/ignore/-/ignore-5.3.2.tgz. Extracting by manifest.
793 silly tarball no local data for hermes-parser@https://registry.npmjs.org/hermes-parser/-/hermes-parser-0.25.1.tgz. Extracting by manifest.
794 silly tarball no local data for hermes-estree@https://registry.npmjs.org/hermes-estree/-/hermes-estree-0.25.1.tgz. Extracting by manifest.
795 silly tarball no local data for internal-slot@https://registry.npmjs.org/internal-slot/-/internal-slot-1.1.0.tgz. Extracting by manifest.
796 silly tarball no local data for hasown@https://registry.npmjs.org/hasown/-/hasown-2.0.2.tgz. Extracting by manifest.
797 silly tarball no local data for has-tostringtag@https://registry.npmjs.org/has-tostringtag/-/has-tostringtag-1.0.2.tgz. Extracting by manifest.
798 silly tarball no local data for has-symbols@https://registry.npmjs.org/has-symbols/-/has-symbols-1.1.0.tgz. Extracting by manifest.
799 silly tarball no local data for has-property-descriptors@https://registry.npmjs.org/has-property-descriptors/-/has-property-descriptors-1.0.2.tgz. Extracting by manifest.
800 silly tarball no local data for has-bigints@https://registry.npmjs.org/has-bigints/-/has-bigints-1.1.0.tgz. Extracting by manifest.
801 silly tarball no local data for graphemer@https://registry.npmjs.org/graphemer/-/graphemer-1.4.0.tgz. Extracting by manifest.
802 silly tarball no local data for has-flag@https://registry.npmjs.org/has-flag/-/has-flag-4.0.0.tgz. Extracting by manifest.
803 silly tarball no local data for gopd@https://registry.npmjs.org/gopd/-/gopd-1.2.0.tgz. Extracting by manifest.
804 silly tarball no local data for graceful-fs@https://registry.npmjs.org/graceful-fs/-/graceful-fs-4.2.11.tgz. Extracting by manifest.
805 silly tarball no local data for globalthis@https://registry.npmjs.org/globalthis/-/globalthis-1.0.4.tgz. Extracting by manifest.
806 silly tarball no local data for has-proto@https://registry.npmjs.org/has-proto/-/has-proto-1.2.0.tgz. Extracting by manifest.
807 silly tarball no local data for globals@https://registry.npmjs.org/globals/-/globals-14.0.0.tgz. Extracting by manifest.
808 silly tarball no local data for glob-parent@https://registry.npmjs.org/glob-parent/-/glob-parent-6.0.2.tgz. Extracting by manifest.
809 silly tarball no local data for glob@https://registry.npmjs.org/glob/-/glob-10.4.5.tgz. Extracting by manifest.
810 silly tarball no local data for get-proto@https://registry.npmjs.org/get-proto/-/get-proto-1.0.1.tgz. Extracting by manifest.
811 silly tarball no local data for get-intrinsic@https://registry.npmjs.org/get-intrinsic/-/get-intrinsic-1.3.0.tgz. Extracting by manifest.
812 silly tarball no local data for gensync@https://registry.npmjs.org/gensync/-/gensync-1.0.0-beta.2.tgz. Extracting by manifest.
813 silly tarball no local data for get-symbol-description@https://registry.npmjs.org/get-symbol-description/-/get-symbol-description-1.1.0.tgz. Extracting by manifest.
814 silly tarball no local data for get-tsconfig@https://registry.npmjs.org/get-tsconfig/-/get-tsconfig-4.12.0.tgz. Extracting by manifest.
815 silly tarball no local data for functions-have-names@https://registry.npmjs.org/functions-have-names/-/functions-have-names-1.2.3.tgz. Extracting by manifest.
816 silly tarball no local data for function-bind@https://registry.npmjs.org/function-bind/-/function-bind-1.1.2.tgz. Extracting by manifest.
817 silly tarball no local data for generator-function@https://registry.npmjs.org/generator-function/-/generator-function-2.0.1.tgz. Extracting by manifest.
818 silly tarball no local data for fsevents@https://registry.npmjs.org/fsevents/-/fsevents-2.3.3.tgz. Extracting by manifest.
819 silly tarball no local data for framer-motion@https://registry.npmjs.org/framer-motion/-/framer-motion-12.23.24.tgz. Extracting by manifest.
820 silly tarball no local data for foreground-child@https://registry.npmjs.org/foreground-child/-/foreground-child-3.3.1.tgz. Extracting by manifest.
821 silly tarball no local data for fraction.js@https://registry.npmjs.org/fraction.js/-/fraction.js-4.3.7.tgz. Extracting by manifest.
822 silly tarball no local data for for-each@https://registry.npmjs.org/for-each/-/for-each-0.3.5.tgz. Extracting by manifest.
823 silly tarball no local data for function.prototype.name@https://registry.npmjs.org/function.prototype.name/-/function.prototype.name-1.1.8.tgz. Extracting by manifest.
824 silly tarball no local data for flatted@https://registry.npmjs.org/flatted/-/flatted-3.3.3.tgz. Extracting by manifest.
825 silly tarball no local data for flat-cache@https://registry.npmjs.org/flat-cache/-/flat-cache-4.0.1.tgz. Extracting by manifest.
826 silly tarball no local data for file-entry-cache@https://registry.npmjs.org/file-entry-cache/-/file-entry-cache-8.0.0.tgz. Extracting by manifest.
827 silly tarball no local data for find-up@https://registry.npmjs.org/find-up/-/find-up-5.0.0.tgz. Extracting by manifest.
828 silly tarball no local data for fastq@https://registry.npmjs.org/fastq/-/fastq-1.19.1.tgz. Extracting by manifest.
829 silly tarball no local data for fast-levenshtein@https://registry.npmjs.org/fast-levenshtein/-/fast-levenshtein-2.0.6.tgz. Extracting by manifest.
830 silly tarball no local data for fast-json-stable-stringify@https://registry.npmjs.org/fast-json-stable-stringify/-/fast-json-stable-stringify-2.1.0.tgz. Extracting by manifest.
831 silly tarball no local data for fill-range@https://registry.npmjs.org/fill-range/-/fill-range-7.1.1.tgz. Extracting by manifest.
832 silly tarball no local data for fast-deep-equal@https://registry.npmjs.org/fast-deep-equal/-/fast-deep-equal-3.1.3.tgz. Extracting by manifest.
833 silly tarball no local data for fast-glob@https://registry.npmjs.org/fast-glob/-/fast-glob-3.3.1.tgz. Extracting by manifest.
834 silly tarball no local data for esutils@https://registry.npmjs.org/esutils/-/esutils-2.0.3.tgz. Extracting by manifest.
835 silly tarball no local data for esrecurse@https://registry.npmjs.org/esrecurse/-/esrecurse-4.3.0.tgz. Extracting by manifest.
836 silly tarball no local data for espree@https://registry.npmjs.org/espree/-/espree-10.4.0.tgz. Extracting by manifest.
837 silly tarball no local data for esquery@https://registry.npmjs.org/esquery/-/esquery-1.6.0.tgz. Extracting by manifest.
838 silly tarball no local data for estraverse@https://registry.npmjs.org/estraverse/-/estraverse-5.3.0.tgz. Extracting by manifest.
839 silly tarball no local data for eslint-visitor-keys@https://registry.npmjs.org/eslint-visitor-keys/-/eslint-visitor-keys-4.2.1.tgz. Extracting by manifest.
840 silly tarball no local data for eslint-scope@https://registry.npmjs.org/eslint-scope/-/eslint-scope-8.4.0.tgz. Extracting by manifest.
841 silly tarball no local data for eslint-plugin-react-hooks@https://registry.npmjs.org/eslint-plugin-react-hooks/-/eslint-plugin-react-hooks-7.0.1.tgz. Extracting by manifest.
842 silly tarball no local data for eslint-module-utils@https://registry.npmjs.org/eslint-module-utils/-/eslint-module-utils-2.12.1.tgz. Extracting by manifest.
843 silly tarball no local data for eslint-plugin-jsx-a11y@https://registry.npmjs.org/eslint-plugin-jsx-a11y/-/eslint-plugin-jsx-a11y-6.10.2.tgz. Extracting by manifest.
844 silly tarball no local data for eslint-plugin-import@https://registry.npmjs.org/eslint-plugin-import/-/eslint-plugin-import-2.32.0.tgz. Extracting by manifest.
845 silly tarball no local data for eslint-import-resolver-typescript@https://registry.npmjs.org/eslint-import-resolver-typescript/-/eslint-import-resolver-typescript-3.10.1.tgz. Extracting by manifest.
846 silly tarball no local data for eslint-import-resolver-node@https://registry.npmjs.org/eslint-import-resolver-node/-/eslint-import-resolver-node-0.3.9.tgz. Extracting by manifest.
847 silly tarball no local data for eslint-config-next@https://registry.npmjs.org/eslint-config-next/-/eslint-config-next-16.0.1.tgz. Extracting by manifest.
848 silly tarball no local data for eslint-plugin-react@https://registry.npmjs.org/eslint-plugin-react/-/eslint-plugin-react-7.37.5.tgz. Extracting by manifest.
849 silly tarball no local data for eslint@https://registry.npmjs.org/eslint/-/eslint-9.37.0.tgz. Extracting by manifest.
850 silly tarball no local data for escape-string-regexp@https://registry.npmjs.org/escape-string-regexp/-/escape-string-regexp-4.0.0.tgz. Extracting by manifest.
851 silly tarball no local data for escalade@https://registry.npmjs.org/escalade/-/escalade-3.2.0.tgz. Extracting by manifest.
852 silly tarball no local data for es-shim-unscopables@https://registry.npmjs.org/es-shim-unscopables/-/es-shim-unscopables-1.1.0.tgz. Extracting by manifest.
853 silly tarball no local data for es-set-tostringtag@https://registry.npmjs.org/es-set-tostringtag/-/es-set-tostringtag-2.1.0.tgz. Extracting by manifest.
854 silly tarball no local data for es-object-atoms@https://registry.npmjs.org/es-object-atoms/-/es-object-atoms-1.1.1.tgz. Extracting by manifest.
855 silly tarball no local data for es-to-primitive@https://registry.npmjs.org/es-to-primitive/-/es-to-primitive-1.3.0.tgz. Extracting by manifest.
856 silly tarball no local data for es-iterator-helpers@https://registry.npmjs.org/es-iterator-helpers/-/es-iterator-helpers-1.2.1.tgz. Extracting by manifest.
857 silly tarball no local data for es-errors@https://registry.npmjs.org/es-errors/-/es-errors-1.3.0.tgz. Extracting by manifest.
858 silly tarball no local data for enhanced-resolve@https://registry.npmjs.org/enhanced-resolve/-/enhanced-resolve-5.18.3.tgz. Extracting by manifest.
859 silly tarball no local data for es-define-property@https://registry.npmjs.org/es-define-property/-/es-define-property-1.0.1.tgz. Extracting by manifest.
860 silly tarball no local data for emoji-regex@https://registry.npmjs.org/emoji-regex/-/emoji-regex-9.2.2.tgz. Extracting by manifest.
861 silly tarball no local data for electron-to-chromium@https://registry.npmjs.org/electron-to-chromium/-/electron-to-chromium-1.5.235.tgz. Extracting by manifest.
862 silly tarball no local data for eastasianwidth@https://registry.npmjs.org/eastasianwidth/-/eastasianwidth-0.2.0.tgz. Extracting by manifest.
863 silly tarball no local data for dunder-proto@https://registry.npmjs.org/dunder-proto/-/dunder-proto-1.0.1.tgz. Extracting by manifest.
864 silly tarball no local data for es-abstract@https://registry.npmjs.org/es-abstract/-/es-abstract-1.24.0.tgz. Extracting by manifest.
865 silly tarball no local data for doctrine@https://registry.npmjs.org/doctrine/-/doctrine-2.1.0.tgz. Extracting by manifest.
866 silly tarball no local data for didyoumean@https://registry.npmjs.org/didyoumean/-/didyoumean-1.2.2.tgz. Extracting by manifest.
867 silly tarball no local data for dlv@https://registry.npmjs.org/dlv/-/dlv-1.1.3.tgz. Extracting by manifest.
868 silly tarball no local data for define-properties@https://registry.npmjs.org/define-properties/-/define-properties-1.2.1.tgz. Extracting by manifest.
869 silly tarball no local data for define-data-property@https://registry.npmjs.org/define-data-property/-/define-data-property-1.1.4.tgz. Extracting by manifest.
870 silly tarball no local data for debug@https://registry.npmjs.org/debug/-/debug-4.4.3.tgz. Extracting by manifest.
871 silly tarball no local data for deep-is@https://registry.npmjs.org/deep-is/-/deep-is-0.1.4.tgz. Extracting by manifest.
872 silly tarball no local data for data-view-byte-length@https://registry.npmjs.org/data-view-byte-length/-/data-view-byte-length-1.0.2.tgz. Extracting by manifest.
873 silly tarball no local data for data-view-byte-offset@https://registry.npmjs.org/data-view-byte-offset/-/data-view-byte-offset-1.0.1.tgz. Extracting by manifest.
874 silly tarball no local data for data-view-buffer@https://registry.npmjs.org/data-view-buffer/-/data-view-buffer-1.0.2.tgz. Extracting by manifest.
875 silly tarball no local data for damerau-levenshtein@https://registry.npmjs.org/damerau-levenshtein/-/damerau-levenshtein-1.0.8.tgz. Extracting by manifest.
876 silly tarball no local data for csstype@https://registry.npmjs.org/csstype/-/csstype-3.1.3.tgz. Extracting by manifest.
877 silly tarball no local data for cssesc@https://registry.npmjs.org/cssesc/-/cssesc-3.0.0.tgz. Extracting by manifest.
878 silly tarball no local data for cross-spawn@https://registry.npmjs.org/cross-spawn/-/cross-spawn-7.0.6.tgz. Extracting by manifest.
879 silly tarball no local data for convert-source-map@https://registry.npmjs.org/convert-source-map/-/convert-source-map-2.0.0.tgz. Extracting by manifest.
880 silly tarball no local data for concat-map@https://registry.npmjs.org/concat-map/-/concat-map-0.0.1.tgz. Extracting by manifest.
881 silly tarball no local data for commander@https://registry.npmjs.org/commander/-/commander-4.1.1.tgz. Extracting by manifest.
882 silly tarball no local data for color-name@https://registry.npmjs.org/color-name/-/color-name-1.1.4.tgz. Extracting by manifest.
883 silly tarball no local data for color-convert@https://registry.npmjs.org/color-convert/-/color-convert-2.0.1.tgz. Extracting by manifest.
884 silly tarball no local data for detect-libc@https://registry.npmjs.org/detect-libc/-/detect-libc-2.1.2.tgz. Extracting by manifest.
885 silly tarball no local data for clsx@https://registry.npmjs.org/clsx/-/clsx-2.1.1.tgz. Extracting by manifest.
886 silly tarball no local data for client-only@https://registry.npmjs.org/client-only/-/client-only-0.0.1.tgz. Extracting by manifest.
887 silly tarball no local data for chownr@https://registry.npmjs.org/chownr/-/chownr-3.0.0.tgz. Extracting by manifest.
888 silly tarball no local data for chalk@https://registry.npmjs.org/chalk/-/chalk-4.1.2.tgz. Extracting by manifest.
889 silly tarball no local data for caniuse-lite@https://registry.npmjs.org/caniuse-lite/-/caniuse-lite-1.0.30001750.tgz. Extracting by manifest.
890 silly tarball no local data for camelcase-css@https://registry.npmjs.org/camelcase-css/-/camelcase-css-2.0.1.tgz. Extracting by manifest.
891 silly tarball no local data for call-bound@https://registry.npmjs.org/call-bound/-/call-bound-1.0.4.tgz. Extracting by manifest.
892 silly tarball no local data for call-bind-apply-helpers@https://registry.npmjs.org/call-bind-apply-helpers/-/call-bind-apply-helpers-1.0.2.tgz. Extracting by manifest.
893 silly tarball no local data for callsites@https://registry.npmjs.org/callsites/-/callsites-3.1.0.tgz. Extracting by manifest.
894 silly tarball no local data for call-bind@https://registry.npmjs.org/call-bind/-/call-bind-1.0.8.tgz. Extracting by manifest.
895 silly tarball no local data for braces@https://registry.npmjs.org/braces/-/braces-3.0.3.tgz. Extracting by manifest.
896 silly tarball no local data for chokidar@https://registry.npmjs.org/chokidar/-/chokidar-3.6.0.tgz. Extracting by manifest.
897 silly tarball no local data for brace-expansion@https://registry.npmjs.org/brace-expansion/-/brace-expansion-1.1.12.tgz. Extracting by manifest.
898 silly tarball no local data for browserslist@https://registry.npmjs.org/browserslist/-/browserslist-4.26.3.tgz. Extracting by manifest.
899 silly tarball no local data for baseline-browser-mapping@https://registry.npmjs.org/baseline-browser-mapping/-/baseline-browser-mapping-2.8.16.tgz. Extracting by manifest.
900 silly tarball no local data for balanced-match@https://registry.npmjs.org/balanced-match/-/balanced-match-1.0.2.tgz. Extracting by manifest.
901 silly tarball no local data for axobject-query@https://registry.npmjs.org/axobject-query/-/axobject-query-4.1.0.tgz. Extracting by manifest.
902 silly tarball no local data for axe-core@https://registry.npmjs.org/axe-core/-/axe-core-4.11.0.tgz. Extracting by manifest.
903 silly tarball no local data for available-typed-arrays@https://registry.npmjs.org/available-typed-arrays/-/available-typed-arrays-1.0.7.tgz. Extracting by manifest.
904 silly tarball no local data for autoprefixer@https://registry.npmjs.org/autoprefixer/-/autoprefixer-10.4.21.tgz. Extracting by manifest.
905 silly tarball no local data for binary-extensions@https://registry.npmjs.org/binary-extensions/-/binary-extensions-2.3.0.tgz. Extracting by manifest.
906 silly tarball no local data for ast-types-flow@https://registry.npmjs.org/ast-types-flow/-/ast-types-flow-0.0.8.tgz. Extracting by manifest.
907 silly tarball no local data for async-function@https://registry.npmjs.org/async-function/-/async-function-1.0.0.tgz. Extracting by manifest.
908 silly tarball no local data for arraybuffer.prototype.slice@https://registry.npmjs.org/arraybuffer.prototype.slice/-/arraybuffer.prototype.slice-1.0.4.tgz. Extracting by manifest.
909 silly tarball no local data for array.prototype.findlastindex@https://registry.npmjs.org/array.prototype.findlastindex/-/array.prototype.findlastindex-1.2.6.tgz. Extracting by manifest.
910 silly tarball no local data for array.prototype.flatmap@https://registry.npmjs.org/array.prototype.flatmap/-/array.prototype.flatmap-1.3.3.tgz. Extracting by manifest.
911 silly tarball no local data for array.prototype.findlast@https://registry.npmjs.org/array.prototype.findlast/-/array.prototype.findlast-1.2.5.tgz. Extracting by manifest.
912 silly tarball no local data for array-buffer-byte-length@https://registry.npmjs.org/array-buffer-byte-length/-/array-buffer-byte-length-1.0.2.tgz. Extracting by manifest.
913 silly tarball no local data for array-includes@https://registry.npmjs.org/array-includes/-/array-includes-3.1.9.tgz. Extracting by manifest.
914 silly tarball no local data for aria-query@https://registry.npmjs.org/aria-query/-/aria-query-5.3.2.tgz. Extracting by manifest.
915 silly tarball no local data for arg@https://registry.npmjs.org/arg/-/arg-5.0.2.tgz. Extracting by manifest.
916 silly tarball no local data for array.prototype.flat@https://registry.npmjs.org/array.prototype.flat/-/array.prototype.flat-1.3.3.tgz. Extracting by manifest.
917 silly tarball no local data for anymatch@https://registry.npmjs.org/anymatch/-/anymatch-3.1.3.tgz. Extracting by manifest.
918 silly tarball no local data for argparse@https://registry.npmjs.org/argparse/-/argparse-2.0.1.tgz. Extracting by manifest.
919 silly tarball no local data for any-promise@https://registry.npmjs.org/any-promise/-/any-promise-1.3.0.tgz. Extracting by manifest.
920 silly tarball no local data for ansi-regex@https://registry.npmjs.org/ansi-regex/-/ansi-regex-6.2.2.tgz. Extracting by manifest.
921 silly tarball no local data for ansi-styles@https://registry.npmjs.org/ansi-styles/-/ansi-styles-4.3.0.tgz. Extracting by manifest.
922 silly tarball no local data for ajv@https://registry.npmjs.org/ajv/-/ajv-6.12.6.tgz. Extracting by manifest.
923 silly tarball no local data for array.prototype.tosorted@https://registry.npmjs.org/array.prototype.tosorted/-/array.prototype.tosorted-1.1.4.tgz. Extracting by manifest.
924 silly tarball no local data for acorn-jsx@https://registry.npmjs.org/acorn-jsx/-/acorn-jsx-5.3.2.tgz. Extracting by manifest.
925 silly tarball no local data for acorn@https://registry.npmjs.org/acorn/-/acorn-8.15.0.tgz. Extracting by manifest.
926 silly tarball no local data for @unrs/resolver-binding-darwin-arm64@https://registry.npmjs.org/@unrs/resolver-binding-darwin-arm64/-/resolver-binding-darwin-arm64-1.11.1.tgz. Extracting by manifest.
927 silly tarball no local data for @typescript-eslint/typescript-estree@https://registry.npmjs.org/@typescript-eslint/typescript-estree/-/typescript-estree-8.46.2.tgz. Extracting by manifest.
928 silly tarball no local data for @typescript-eslint/utils@https://registry.npmjs.org/@typescript-eslint/utils/-/utils-8.46.2.tgz. Extracting by manifest.
929 silly tarball no local data for @typescript-eslint/type-utils@https://registry.npmjs.org/@typescript-eslint/type-utils/-/type-utils-8.46.2.tgz. Extracting by manifest.
930 silly tarball no local data for @typescript-eslint/types@https://registry.npmjs.org/@typescript-eslint/types/-/types-8.46.2.tgz. Extracting by manifest.
931 silly tarball no local data for @typescript-eslint/tsconfig-utils@https://registry.npmjs.org/@typescript-eslint/tsconfig-utils/-/tsconfig-utils-8.46.2.tgz. Extracting by manifest.
932 silly tarball no local data for @typescript-eslint/project-service@https://registry.npmjs.org/@typescript-eslint/project-service/-/project-service-8.46.2.tgz. Extracting by manifest.
933 silly tarball no local data for @typescript-eslint/scope-manager@https://registry.npmjs.org/@typescript-eslint/scope-manager/-/scope-manager-8.46.2.tgz. Extracting by manifest.
934 silly tarball no local data for @typescript-eslint/parser@https://registry.npmjs.org/@typescript-eslint/parser/-/parser-8.46.2.tgz. Extracting by manifest.
935 silly tarball no local data for @typescript-eslint/eslint-plugin@https://registry.npmjs.org/@typescript-eslint/eslint-plugin/-/eslint-plugin-8.46.2.tgz. Extracting by manifest.
936 silly tarball no local data for @types/react-dom@https://registry.npmjs.org/@types/react-dom/-/react-dom-19.2.2.tgz. Extracting by manifest.
937 silly tarball no local data for @types/node@https://registry.npmjs.org/@types/node/-/node-20.19.21.tgz. Extracting by manifest.
938 silly tarball no local data for @types/react@https://registry.npmjs.org/@types/react/-/react-19.2.2.tgz. Extracting by manifest.
939 silly tarball no local data for @types/json5@https://registry.npmjs.org/@types/json5/-/json5-0.0.29.tgz. Extracting by manifest.
940 silly tarball no local data for @types/json-schema@https://registry.npmjs.org/@types/json-schema/-/json-schema-7.0.15.tgz. Extracting by manifest.
941 silly tarball no local data for @tybys/wasm-util@https://registry.npmjs.org/@tybys/wasm-util/-/wasm-util-0.10.1.tgz. Extracting by manifest.
942 silly tarball no local data for @types/estree@https://registry.npmjs.org/@types/estree/-/estree-1.0.8.tgz. Extracting by manifest.
943 silly tarball no local data for @tanstack/react-query@https://registry.npmjs.org/@tanstack/react-query/-/react-query-5.90.3.tgz. Extracting by manifest.
944 silly tarball no local data for @tailwindcss/postcss@https://registry.npmjs.org/@tailwindcss/postcss/-/postcss-4.1.14.tgz. Extracting by manifest.
945 silly tarball no local data for @typescript-eslint/visitor-keys@https://registry.npmjs.org/@typescript-eslint/visitor-keys/-/visitor-keys-8.46.2.tgz. Extracting by manifest.
946 silly tarball no local data for @tanstack/query-core@https://registry.npmjs.org/@tanstack/query-core/-/query-core-5.90.3.tgz. Extracting by manifest.
947 silly tarball no local data for @tailwindcss/oxide-darwin-arm64@https://registry.npmjs.org/@tailwindcss/oxide-darwin-arm64/-/oxide-darwin-arm64-4.1.14.tgz. Extracting by manifest.
948 silly tarball no local data for @tailwindcss/oxide@https://registry.npmjs.org/@tailwindcss/oxide/-/oxide-4.1.14.tgz. Extracting by manifest.
949 silly tarball no local data for @swc/helpers@https://registry.npmjs.org/@swc/helpers/-/helpers-0.5.15.tgz. Extracting by manifest.
950 silly tarball no local data for @rtsao/scc@https://registry.npmjs.org/@rtsao/scc/-/scc-1.1.0.tgz. Extracting by manifest.
951 silly tarball no local data for @pkgjs/parseargs@https://registry.npmjs.org/@pkgjs/parseargs/-/parseargs-0.11.0.tgz. Extracting by manifest.
952 silly tarball no local data for @nolyfill/is-core-module@https://registry.npmjs.org/@nolyfill/is-core-module/-/is-core-module-1.0.39.tgz. Extracting by manifest.
953 silly tarball no local data for @nodelib/fs.walk@https://registry.npmjs.org/@nodelib/fs.walk/-/fs.walk-1.2.8.tgz. Extracting by manifest.
954 silly tarball no local data for @nodelib/fs.stat@https://registry.npmjs.org/@nodelib/fs.stat/-/fs.stat-2.0.5.tgz. Extracting by manifest.
955 silly tarball no local data for @nodelib/fs.scandir@https://registry.npmjs.org/@nodelib/fs.scandir/-/fs.scandir-2.1.5.tgz. Extracting by manifest.
956 silly tarball no local data for @tailwindcss/node@https://registry.npmjs.org/@tailwindcss/node/-/node-4.1.14.tgz. Extracting by manifest.
957 silly tarball no local data for @next/swc-darwin-arm64@https://registry.npmjs.org/@next/swc-darwin-arm64/-/swc-darwin-arm64-16.0.1.tgz. Extracting by manifest.
958 silly tarball no local data for @next/eslint-plugin-next@https://registry.npmjs.org/@next/eslint-plugin-next/-/eslint-plugin-next-16.0.1.tgz. Extracting by manifest.
959 silly tarball no local data for @next/env@https://registry.npmjs.org/@next/env/-/env-16.0.1.tgz. Extracting by manifest.
960 silly tarball no local data for @jridgewell/sourcemap-codec@https://registry.npmjs.org/@jridgewell/sourcemap-codec/-/sourcemap-codec-1.5.5.tgz. Extracting by manifest.
961 silly tarball no local data for @jridgewell/trace-mapping@https://registry.npmjs.org/@jridgewell/trace-mapping/-/trace-mapping-0.3.31.tgz. Extracting by manifest.
962 silly tarball no local data for @jridgewell/gen-mapping@https://registry.npmjs.org/@jridgewell/gen-mapping/-/gen-mapping-0.3.13.tgz. Extracting by manifest.
963 silly tarball no local data for @jridgewell/remapping@https://registry.npmjs.org/@jridgewell/remapping/-/remapping-2.3.5.tgz. Extracting by manifest.
964 silly tarball no local data for @napi-rs/wasm-runtime@https://registry.npmjs.org/@napi-rs/wasm-runtime/-/wasm-runtime-0.2.12.tgz. Extracting by manifest.
965 silly tarball no local data for @jridgewell/resolve-uri@https://registry.npmjs.org/@jridgewell/resolve-uri/-/resolve-uri-3.1.2.tgz. Extracting by manifest.
966 silly tarball no local data for @isaacs/fs-minipass@https://registry.npmjs.org/@isaacs/fs-minipass/-/fs-minipass-4.0.1.tgz. Extracting by manifest.
967 silly tarball no local data for @img/sharp-libvips-darwin-arm64@https://registry.npmjs.org/@img/sharp-libvips-darwin-arm64/-/sharp-libvips-darwin-arm64-1.2.3.tgz. Extracting by manifest.
968 silly tarball no local data for @img/sharp-darwin-arm64@https://registry.npmjs.org/@img/sharp-darwin-arm64/-/sharp-darwin-arm64-0.34.4.tgz. Extracting by manifest.
969 silly tarball no local data for @img/colour@https://registry.npmjs.org/@img/colour/-/colour-1.0.0.tgz. Extracting by manifest.
970 silly tarball no local data for @humanwhocodes/retry@https://registry.npmjs.org/@humanwhocodes/retry/-/retry-0.4.3.tgz. Extracting by manifest.
971 silly tarball no local data for @humanwhocodes/module-importer@https://registry.npmjs.org/@humanwhocodes/module-importer/-/module-importer-1.0.1.tgz. Extracting by manifest.
972 silly tarball no local data for @humanfs/node@https://registry.npmjs.org/@humanfs/node/-/node-0.16.7.tgz. Extracting by manifest.
973 silly tarball no local data for @humanfs/core@https://registry.npmjs.org/@humanfs/core/-/core-0.19.1.tgz. Extracting by manifest.
974 silly tarball no local data for @fullcalendar/react@https://registry.npmjs.org/@fullcalendar/react/-/react-6.1.19.tgz. Extracting by manifest.
975 silly tarball no local data for @fullcalendar/interaction@https://registry.npmjs.org/@fullcalendar/interaction/-/interaction-6.1.19.tgz. Extracting by manifest.
976 silly tarball no local data for @fullcalendar/daygrid@https://registry.npmjs.org/@fullcalendar/daygrid/-/daygrid-6.1.19.tgz. Extracting by manifest.
977 silly tarball no local data for @fullcalendar/core@https://registry.npmjs.org/@fullcalendar/core/-/core-6.1.19.tgz. Extracting by manifest.
978 silly tarball no local data for @eslint/plugin-kit@https://registry.npmjs.org/@eslint/plugin-kit/-/plugin-kit-0.4.0.tgz. Extracting by manifest.
979 silly tarball no local data for @eslint/js@https://registry.npmjs.org/@eslint/js/-/js-9.37.0.tgz. Extracting by manifest.
980 silly tarball no local data for @eslint/object-schema@https://registry.npmjs.org/@eslint/object-schema/-/object-schema-2.1.6.tgz. Extracting by manifest.
981 silly tarball no local data for @eslint/eslintrc@https://registry.npmjs.org/@eslint/eslintrc/-/eslintrc-3.3.1.tgz. Extracting by manifest.
982 silly tarball no local data for @eslint/core@https://registry.npmjs.org/@eslint/core/-/core-0.16.0.tgz. Extracting by manifest.
983 silly tarball no local data for @eslint/config-helpers@https://registry.npmjs.org/@eslint/config-helpers/-/config-helpers-0.4.0.tgz. Extracting by manifest.
984 silly tarball no local data for @eslint/config-array@https://registry.npmjs.org/@eslint/config-array/-/config-array-0.21.0.tgz. Extracting by manifest.
985 silly tarball no local data for @eslint-community/regexpp@https://registry.npmjs.org/@eslint-community/regexpp/-/regexpp-4.12.1.tgz. Extracting by manifest.
986 silly tarball no local data for @eslint-community/eslint-utils@https://registry.npmjs.org/@eslint-community/eslint-utils/-/eslint-utils-4.9.0.tgz. Extracting by manifest.
987 silly tarball no local data for @emnapi/wasi-threads@https://registry.npmjs.org/@emnapi/wasi-threads/-/wasi-threads-1.1.0.tgz. Extracting by manifest.
988 silly tarball no local data for @emnapi/runtime@https://registry.npmjs.org/@emnapi/runtime/-/runtime-1.5.0.tgz. Extracting by manifest.
989 silly tarball no local data for @babel/types@https://registry.npmjs.org/@babel/types/-/types-7.28.5.tgz. Extracting by manifest.
990 silly tarball no local data for @emnapi/core@https://registry.npmjs.org/@emnapi/core/-/core-1.5.0.tgz. Extracting by manifest.
991 silly tarball no local data for @babel/traverse@https://registry.npmjs.org/@babel/traverse/-/traverse-7.28.5.tgz. Extracting by manifest.
992 silly tarball no local data for @isaacs/cliui@https://registry.npmjs.org/@isaacs/cliui/-/cliui-8.0.2.tgz. Extracting by manifest.
993 silly tarball no local data for @babel/template@https://registry.npmjs.org/@babel/template/-/template-7.27.2.tgz. Extracting by manifest.
994 silly tarball no local data for @babel/helpers@https://registry.npmjs.org/@babel/helpers/-/helpers-7.28.4.tgz. Extracting by manifest.
995 silly tarball no local data for @babel/helper-validator-option@https://registry.npmjs.org/@babel/helper-validator-option/-/helper-validator-option-7.27.1.tgz. Extracting by manifest.
996 silly tarball no local data for @babel/helper-validator-identifier@https://registry.npmjs.org/@babel/helper-validator-identifier/-/helper-validator-identifier-7.28.5.tgz. Extracting by manifest.
997 silly tarball no local data for @babel/helper-string-parser@https://registry.npmjs.org/@babel/helper-string-parser/-/helper-string-parser-7.27.1.tgz. Extracting by manifest.
998 silly tarball no local data for @babel/helper-module-transforms@https://registry.npmjs.org/@babel/helper-module-transforms/-/helper-module-transforms-7.28.3.tgz. Extracting by manifest.
999 silly tarball no local data for @babel/parser@https://registry.npmjs.org/@babel/parser/-/parser-7.28.5.tgz. Extracting by manifest.
1000 silly tarball no local data for @babel/helper-globals@https://registry.npmjs.org/@babel/helper-globals/-/helper-globals-7.28.0.tgz. Extracting by manifest.
1001 silly tarball no local data for @babel/helper-compilation-targets@https://registry.npmjs.org/@babel/helper-compilation-targets/-/helper-compilation-targets-7.27.2.tgz. Extracting by manifest.
1002 silly tarball no local data for @babel/generator@https://registry.npmjs.org/@babel/generator/-/generator-7.28.5.tgz. Extracting by manifest.
1003 silly tarball no local data for @babel/core@https://registry.npmjs.org/@babel/core/-/core-7.28.5.tgz. Extracting by manifest.
1004 silly tarball no local data for @babel/compat-data@https://registry.npmjs.org/@babel/compat-data/-/compat-data-7.28.5.tgz. Extracting by manifest.
1005 silly tarball no local data for @alloc/quick-lru@https://registry.npmjs.org/@alloc/quick-lru/-/quick-lru-5.2.0.tgz. Extracting by manifest.
1006 silly tarball no local data for ansi-regex@https://registry.npmjs.org/ansi-regex/-/ansi-regex-5.0.1.tgz. Extracting by manifest.
1007 silly tarball no local data for @babel/helper-module-imports@https://registry.npmjs.org/@babel/helper-module-imports/-/helper-module-imports-7.27.1.tgz. Extracting by manifest.
1008 silly tarball no local data for emoji-regex@https://registry.npmjs.org/emoji-regex/-/emoji-regex-8.0.0.tgz. Extracting by manifest.
1009 silly tarball no local data for strip-ansi@https://registry.npmjs.org/strip-ansi/-/strip-ansi-6.0.1.tgz. Extracting by manifest.
1010 silly tarball no local data for string-width@https://registry.npmjs.org/string-width/-/string-width-4.2.3.tgz. Extracting by manifest.
1011 silly tarball no local data for picomatch@https://registry.npmjs.org/picomatch/-/picomatch-4.0.3.tgz. Extracting by manifest.
1012 silly tarball no local data for fdir@https://registry.npmjs.org/fdir/-/fdir-6.5.0.tgz. Extracting by manifest.
1013 silly tarball no local data for jiti@https://registry.npmjs.org/jiti/-/jiti-1.21.7.tgz. Extracting by manifest.
1014 silly tarball no local data for fast-glob@https://registry.npmjs.org/fast-glob/-/fast-glob-3.3.3.tgz. Extracting by manifest.
1015 silly tarball no local data for glob-parent@https://registry.npmjs.org/glob-parent/-/glob-parent-5.1.2.tgz. Extracting by manifest.
1016 silly tarball no local data for ansi-styles@https://registry.npmjs.org/ansi-styles/-/ansi-styles-6.2.3.tgz. Extracting by manifest.
1017 silly tarball no local data for ansi-regex@https://registry.npmjs.org/ansi-regex/-/ansi-regex-5.0.1.tgz. Extracting by manifest.
1018 silly tarball no local data for strip-ansi@https://registry.npmjs.org/strip-ansi/-/strip-ansi-6.0.1.tgz. Extracting by manifest.
1019 silly tarball no local data for emoji-regex@https://registry.npmjs.org/emoji-regex/-/emoji-regex-8.0.0.tgz. Extracting by manifest.
1020 silly tarball no local data for postcss@https://registry.npmjs.org/postcss/-/postcss-8.4.31.tgz. Extracting by manifest.
1021 silly tarball no local data for minimatch@https://registry.npmjs.org/minimatch/-/minimatch-9.0.5.tgz. Extracting by manifest.
1022 silly tarball no local data for brace-expansion@https://registry.npmjs.org/brace-expansion/-/brace-expansion-2.0.2.tgz. Extracting by manifest.
1023 silly tarball no local data for @babel/code-frame@https://registry.npmjs.org/@babel/code-frame/-/code-frame-7.27.1.tgz. Extracting by manifest.
1024 silly tarball no local data for glob-parent@https://registry.npmjs.org/glob-parent/-/glob-parent-5.1.2.tgz. Extracting by manifest.
1025 silly tarball no local data for resolve@https://registry.npmjs.org/resolve/-/resolve-2.0.0-next.5.tgz. Extracting by manifest.
1026 silly tarball no local data for ansi-regex@https://registry.npmjs.org/ansi-regex/-/ansi-regex-5.0.1.tgz. Extracting by manifest.
1027 silly tarball no local data for debug@https://registry.npmjs.org/debug/-/debug-3.2.7.tgz. Extracting by manifest.
1028 silly tarball no local data for semver@https://registry.npmjs.org/semver/-/semver-6.3.1.tgz. Extracting by manifest.
1029 silly tarball no local data for semver@https://registry.npmjs.org/semver/-/semver-6.3.1.tgz. Extracting by manifest.
1030 silly tarball no local data for debug@https://registry.npmjs.org/debug/-/debug-3.2.7.tgz. Extracting by manifest.
1031 silly tarball no local data for globals@https://registry.npmjs.org/globals/-/globals-16.4.0.tgz. Extracting by manifest.
1032 silly tarball no local data for glob-parent@https://registry.npmjs.org/glob-parent/-/glob-parent-5.1.2.tgz. Extracting by manifest.
1033 silly tarball no local data for minimatch@https://registry.npmjs.org/minimatch/-/minimatch-9.0.5.tgz. Extracting by manifest.
1034 silly tarball no local data for glob-parent@https://registry.npmjs.org/glob-parent/-/glob-parent-5.1.2.tgz. Extracting by manifest.
1035 silly tarball no local data for debug@https://registry.npmjs.org/debug/-/debug-3.2.7.tgz. Extracting by manifest.
1036 silly tarball no local data for fast-glob@https://registry.npmjs.org/fast-glob/-/fast-glob-3.3.3.tgz. Extracting by manifest.
1037 silly tarball no local data for brace-expansion@https://registry.npmjs.org/brace-expansion/-/brace-expansion-2.0.2.tgz. Extracting by manifest.
1038 silly tarball no local data for ignore@https://registry.npmjs.org/ignore/-/ignore-7.0.5.tgz. Extracting by manifest.
1039 silly tarball no local data for tailwindcss@https://registry.npmjs.org/tailwindcss/-/tailwindcss-4.1.14.tgz. Extracting by manifest.
1040 silly tarball no local data for eslint-visitor-keys@https://registry.npmjs.org/eslint-visitor-keys/-/eslint-visitor-keys-3.4.3.tgz. Extracting by manifest.
1041 silly tarball no local data for semver@https://registry.npmjs.org/semver/-/semver-6.3.1.tgz. Extracting by manifest.
1042 silly tarball no local data for yallist@https://registry.npmjs.org/yallist/-/yallist-3.1.1.tgz. Extracting by manifest.
1043 silly tarball no local data for tailwindcss@https://registry.npmjs.org/tailwindcss/-/tailwindcss-4.1.14.tgz. Extracting by manifest.
1044 silly tarball no local data for lru-cache@https://registry.npmjs.org/lru-cache/-/lru-cache-5.1.1.tgz. Extracting by manifest.
1045 silly tarball no local data for semver@https://registry.npmjs.org/semver/-/semver-6.3.1.tgz. Extracting by manifest.
1046 silly tarball no local data for json5@https://registry.npmjs.org/json5/-/json5-2.2.3.tgz. Extracting by manifest.
1047 http fetch GET 200 https://registry.npmjs.org/wrap-ansi/-/wrap-ansi-7.0.0.tgz 264ms (cache miss)
1048 http fetch GET 200 https://registry.npmjs.org/word-wrap/-/word-wrap-1.2.5.tgz 265ms (cache miss)
1049 http fetch GET 200 https://registry.npmjs.org/yocto-queue/-/yocto-queue-0.1.0.tgz 266ms (cache miss)
1050 http fetch GET 200 https://registry.npmjs.org/which-builtin-type/-/which-builtin-type-1.2.1.tgz 265ms (cache miss)
1051 http fetch GET 200 https://registry.npmjs.org/yallist/-/yallist-5.0.0.tgz 267ms (cache miss)
1052 http fetch GET 200 https://registry.npmjs.org/which-collection/-/which-collection-1.0.2.tgz 266ms (cache miss)
1053 http fetch GET 200 https://registry.npmjs.org/which-boxed-primitive/-/which-boxed-primitive-1.1.1.tgz 375ms (cache miss)
1054 http fetch GET 200 https://registry.npmjs.org/unrs-resolver/-/unrs-resolver-1.11.1.tgz 391ms (cache miss)
1055 http fetch GET 200 https://registry.npmjs.org/which/-/which-2.0.2.tgz 391ms (cache miss)
1056 http fetch GET 200 https://registry.npmjs.org/util-deprecate/-/util-deprecate-1.0.2.tgz 391ms (cache miss)
1057 http fetch GET 200 https://registry.npmjs.org/which-typed-array/-/which-typed-array-1.1.19.tgz 395ms (cache miss)
1058 http fetch GET 200 https://registry.npmjs.org/npm 534ms
1059 http fetch GET 200 https://registry.npmjs.org/zod-validation-error/-/zod-validation-error-4.0.2.tgz 439ms (cache miss)
1060 http fetch GET 200 https://registry.npmjs.org/typescript-eslint/-/typescript-eslint-8.46.2.tgz 482ms (cache miss)
1061 http fetch GET 200 https://registry.npmjs.org/undici-types/-/undici-types-6.21.0.tgz 518ms (cache miss)
1062 http fetch GET 200 https://registry.npmjs.org/unbox-primitive/-/unbox-primitive-1.1.0.tgz 532ms (cache miss)
1063 http fetch GET 200 https://registry.npmjs.org/update-browserslist-db/-/update-browserslist-db-1.1.3.tgz 541ms (cache miss)
1064 http fetch GET 200 https://registry.npmjs.org/wrap-ansi/-/wrap-ansi-8.1.0.tgz 542ms (cache miss)
1065 http fetch GET 200 https://registry.npmjs.org/typed-array-length/-/typed-array-length-1.0.7.tgz 542ms (cache miss)
1066 http fetch GET 200 https://registry.npmjs.org/typed-array-buffer/-/typed-array-buffer-1.0.3.tgz 576ms (cache miss)
1067 http fetch GET 200 https://registry.npmjs.org/typed-array-byte-length/-/typed-array-byte-length-1.0.3.tgz 576ms (cache miss)
1068 http fetch GET 200 https://registry.npmjs.org/type-check/-/type-check-0.4.0.tgz 641ms (cache miss)
1069 http fetch GET 200 https://registry.npmjs.org/tslib/-/tslib-2.8.1.tgz 659ms (cache miss)
1070 http fetch GET 200 https://registry.npmjs.org/tsconfig-paths/-/tsconfig-paths-3.15.0.tgz 661ms (cache miss)
1071 http fetch GET 200 https://registry.npmjs.org/uri-js/-/uri-js-4.4.1.tgz 749ms (cache miss)
1072 http fetch GET 200 https://registry.npmjs.org/zod/-/zod-4.1.12.tgz 751ms (cache miss)
1073 http fetch GET 200 https://registry.npmjs.org/ts-api-utils/-/ts-api-utils-2.1.0.tgz 778ms (cache miss)
1074 http fetch GET 200 https://registry.npmjs.org/thenify/-/thenify-3.3.1.tgz 778ms (cache miss)
1075 http fetch GET 200 https://registry.npmjs.org/tinyglobby/-/tinyglobby-0.2.15.tgz 778ms (cache miss)
1076 http fetch GET 200 https://registry.npmjs.org/ts-interface-checker/-/ts-interface-checker-0.1.13.tgz 788ms (cache miss)
1077 http fetch GET 200 https://registry.npmjs.org/tapable/-/tapable-2.3.0.tgz 789ms (cache miss)
1078 http fetch GET 200 https://registry.npmjs.org/supports-preserve-symlinks-flag/-/supports-preserve-symlinks-flag-1.0.0.tgz 791ms (cache miss)
1079 http fetch GET 200 https://registry.npmjs.org/to-regex-range/-/to-regex-range-5.0.1.tgz 792ms (cache miss)
1080 http fetch GET 200 https://registry.npmjs.org/thenify-all/-/thenify-all-1.6.0.tgz 803ms (cache miss)
1081 http fetch GET 200 https://registry.npmjs.org/supports-color/-/supports-color-7.2.0.tgz 1006ms (cache miss)
1082 http fetch GET 200 https://registry.npmjs.org/strip-bom/-/strip-bom-3.0.0.tgz 1021ms (cache miss)
1083 http fetch GET 200 https://registry.npmjs.org/styled-jsx/-/styled-jsx-5.1.6.tgz 1021ms (cache miss)
1084 http fetch GET 200 https://registry.npmjs.org/strip-ansi/-/strip-ansi-6.0.1.tgz 1027ms (cache miss)
1085 http fetch GET 200 https://registry.npmjs.org/string.prototype.trimstart/-/string.prototype.trimstart-1.0.8.tgz 1033ms (cache miss)
1086 http fetch GET 200 https://registry.npmjs.org/strip-json-comments/-/strip-json-comments-3.1.1.tgz 1034ms (cache miss)
1087 http fetch GET 200 https://registry.npmjs.org/tailwind-merge/-/tailwind-merge-3.3.1.tgz 1049ms (cache miss)
1088 http fetch GET 200 https://registry.npmjs.org/string.prototype.trim/-/string.prototype.trim-1.2.10.tgz 1052ms (cache miss)
1089 http fetch GET 200 https://registry.npmjs.org/string.prototype.trimend/-/string.prototype.trimend-1.0.9.tgz 1058ms (cache miss)
1090 http fetch GET 200 https://registry.npmjs.org/strip-ansi/-/strip-ansi-7.1.2.tgz 1058ms (cache miss)
1091 http fetch GET 200 https://registry.npmjs.org/typed-array-byte-offset/-/typed-array-byte-offset-1.0.4.tgz 1090ms (cache miss)
1092 http fetch GET 200 https://registry.npmjs.org/string.prototype.repeat/-/string.prototype.repeat-1.0.0.tgz 1175ms (cache miss)
1093 http fetch GET 200 https://registry.npmjs.org/stable-hash/-/stable-hash-0.0.5.tgz 1185ms (cache miss)
1094 http fetch GET 200 https://registry.npmjs.org/string.prototype.matchall/-/string.prototype.matchall-4.0.12.tgz 1193ms (cache miss)
1095 http fetch GET 200 https://registry.npmjs.org/string-width/-/string-width-5.1.2.tgz 1201ms (cache miss)
1096 http fetch GET 200 https://registry.npmjs.org/stop-iteration-iterator/-/stop-iteration-iterator-1.1.0.tgz 1204ms (cache miss)
1097 http fetch GET 200 https://registry.npmjs.org/string.prototype.includes/-/string.prototype.includes-2.0.1.tgz 1210ms (cache miss)
1098 http fetch GET 200 https://registry.npmjs.org/sonner/-/sonner-2.0.7.tgz 1235ms (cache miss)
1099 http fetch GET 200 https://registry.npmjs.org/source-map-js/-/source-map-js-1.2.1.tgz 1243ms (cache miss)
1100 http fetch GET 200 https://registry.npmjs.org/shebang-regex/-/shebang-regex-3.0.0.tgz 1344ms (cache miss)
1101 http fetch GET 200 https://registry.npmjs.org/side-channel-list/-/side-channel-list-1.0.0.tgz 1359ms (cache miss)
1102 http fetch GET 200 https://registry.npmjs.org/signal-exit/-/signal-exit-4.1.0.tgz 1365ms (cache miss)
1103 http fetch GET 200 https://registry.npmjs.org/sucrase/-/sucrase-3.35.0.tgz 1381ms (cache miss)
1104 http fetch GET 200 https://registry.npmjs.org/shebang-command/-/shebang-command-2.0.0.tgz 1396ms (cache miss)
1105 http fetch GET 200 https://registry.npmjs.org/side-channel-weakmap/-/side-channel-weakmap-1.0.2.tgz 1401ms (cache miss)
1106 http fetch GET 200 https://registry.npmjs.org/set-proto/-/set-proto-1.0.0.tgz 1400ms (cache miss)
1107 http fetch GET 200 https://registry.npmjs.org/tar/-/tar-7.5.1.tgz 1404ms (cache miss)
1108 http fetch GET 200 https://registry.npmjs.org/tailwindcss/-/tailwindcss-3.4.18.tgz 1406ms (cache miss)
1109 http fetch GET 200 https://registry.npmjs.org/side-channel/-/side-channel-1.1.0.tgz 1403ms (cache miss)
1110 http fetch GET 200 https://registry.npmjs.org/set-function-name/-/set-function-name-2.0.2.tgz 1413ms (cache miss)
1111 http fetch GET 200 https://registry.npmjs.org/side-channel-map/-/side-channel-map-1.0.1.tgz 1419ms (cache miss)
1112 http fetch GET 200 https://registry.npmjs.org/sharp/-/sharp-0.34.4.tgz 1424ms (cache miss)
1113 http fetch GET 200 https://registry.npmjs.org/semver/-/semver-7.7.3.tgz 1434ms (cache miss)
1114 http fetch GET 200 https://registry.npmjs.org/set-function-length/-/set-function-length-1.2.2.tgz 1522ms (cache miss)
1115 http fetch GET 200 https://registry.npmjs.org/reusify/-/reusify-1.1.0.tgz 1568ms (cache miss)
1116 http fetch GET 200 https://registry.npmjs.org/run-parallel/-/run-parallel-1.2.0.tgz 1568ms (cache miss)
1117 http fetch GET 200 https://registry.npmjs.org/string-width/-/string-width-4.2.3.tgz 1568ms (cache miss)
1118 http fetch GET 200 https://registry.npmjs.org/resolve-from/-/resolve-from-4.0.0.tgz 1568ms (cache miss)
1119 http fetch GET 200 https://registry.npmjs.org/safe-regex-test/-/safe-regex-test-1.1.0.tgz 1569ms (cache miss)
1120 http fetch GET 200 https://registry.npmjs.org/resolve-pkg-maps/-/resolve-pkg-maps-1.0.0.tgz 1569ms (cache miss)
1121 http fetch GET 200 https://registry.npmjs.org/scheduler/-/scheduler-0.26.0.tgz 1569ms (cache miss)
1122 http fetch GET 200 https://registry.npmjs.org/reflect.getprototypeof/-/reflect.getprototypeof-1.0.10.tgz 1568ms (cache miss)
1123 http fetch GET 200 https://registry.npmjs.org/resolve/-/resolve-1.22.10.tgz 1579ms (cache miss)
1124 http fetch GET 200 https://registry.npmjs.org/regexp.prototype.flags/-/regexp.prototype.flags-1.5.4.tgz 1580ms (cache miss)
1125 http fetch GET 200 https://registry.npmjs.org/safe-array-concat/-/safe-array-concat-1.1.3.tgz 1581ms (cache miss)
1126 http fetch GET 200 https://registry.npmjs.org/readdirp/-/readdirp-3.6.0.tgz 1581ms (cache miss)
1127 http fetch GET 200 https://registry.npmjs.org/safe-push-apply/-/safe-push-apply-1.0.0.tgz 1582ms (cache miss)
1128 http fetch GET 200 https://registry.npmjs.org/read-cache/-/read-cache-1.0.0.tgz 1618ms (cache miss)
1129 http fetch GET 200 https://registry.npmjs.org/postcss/-/postcss-8.5.6.tgz 1743ms (cache miss)
1130 http fetch GET 200 https://registry.npmjs.org/react-is/-/react-is-16.13.1.tgz 1746ms (cache miss)
1131 http fetch GET 200 https://registry.npmjs.org/queue-microtask/-/queue-microtask-1.2.3.tgz 1753ms (cache miss)
1132 http fetch GET 200 https://registry.npmjs.org/react/-/react-19.1.0.tgz 1771ms (cache miss)
1133 http fetch GET 200 https://registry.npmjs.org/prelude-ls/-/prelude-ls-1.2.1.tgz 1803ms (cache miss)
1134 http fetch GET 200 https://registry.npmjs.org/prop-types/-/prop-types-15.8.1.tgz 1921ms (cache miss)
1135 http fetch GET 200 https://registry.npmjs.org/punycode/-/punycode-2.3.1.tgz 1935ms (cache miss)
1136 http fetch GET 200 https://registry.npmjs.org/postcss-selector-parser/-/postcss-selector-parser-6.1.2.tgz 1936ms (cache miss)
1137 http fetch GET 200 https://registry.npmjs.org/postcss-nested/-/postcss-nested-6.2.0.tgz 1954ms (cache miss)
1138 http fetch GET 200 https://registry.npmjs.org/postcss-value-parser/-/postcss-value-parser-4.2.0.tgz 1973ms (cache miss)
1139 http fetch GET 200 https://registry.npmjs.org/postcss-import/-/postcss-import-15.1.0.tgz 1988ms (cache miss)
1140 http fetch GET 200 https://registry.npmjs.org/postcss-js/-/postcss-js-4.1.0.tgz 1993ms (cache miss)
1141 http fetch GET 200 https://registry.npmjs.org/preact/-/preact-10.12.1.tgz 2019ms (cache miss)
1142 http fetch GET 200 https://registry.npmjs.org/pirates/-/pirates-4.0.7.tgz 2113ms (cache miss)
1143 http fetch GET 200 https://registry.npmjs.org/possible-typed-array-names/-/possible-typed-array-names-1.1.0.tgz 2115ms (cache miss)
1144 http fetch GET 200 https://registry.npmjs.org/postcss-load-config/-/postcss-load-config-6.0.1.tgz 2115ms (cache miss)
1145 http fetch GET 200 https://registry.npmjs.org/picocolors/-/picocolors-1.1.1.tgz 2116ms (cache miss)
1146 http fetch GET 200 https://registry.npmjs.org/path-parse/-/path-parse-1.0.7.tgz 2177ms (cache miss)
1147 http fetch GET 200 https://registry.npmjs.org/path-scurry/-/path-scurry-1.11.1.tgz 2183ms (cache miss)
1148 http fetch GET 200 https://registry.npmjs.org/pify/-/pify-2.3.0.tgz 2183ms (cache miss)
1149 http fetch GET 200 https://registry.npmjs.org/path-key/-/path-key-3.1.1.tgz 2183ms (cache miss)
1150 http fetch GET 200 https://registry.npmjs.org/parent-module/-/parent-module-1.0.1.tgz 2184ms (cache miss)
1151 http fetch GET 200 https://registry.npmjs.org/package-json-from-dist/-/package-json-from-dist-1.0.1.tgz 2185ms (cache miss)
1152 http fetch GET 200 https://registry.npmjs.org/p-locate/-/p-locate-5.0.0.tgz 2205ms (cache miss)
1153 http fetch GET 200 https://registry.npmjs.org/optionator/-/optionator-0.9.4.tgz 2208ms (cache miss)
1154 http fetch GET 200 https://registry.npmjs.org/picomatch/-/picomatch-2.3.1.tgz 2313ms (cache miss)
1155 http fetch GET 200 https://registry.npmjs.org/object.values/-/object.values-1.2.1.tgz 2365ms (cache miss)
1156 http fetch GET 200 https://registry.npmjs.org/p-limit/-/p-limit-3.1.0.tgz 2395ms (cache miss)
1157 http fetch GET 200 https://registry.npmjs.org/own-keys/-/own-keys-1.0.1.tgz 2395ms (cache miss)
1158 http fetch GET 200 https://registry.npmjs.org/object.groupby/-/object.groupby-1.0.3.tgz 2395ms (cache miss)
1159 http fetch GET 200 https://registry.npmjs.org/object.fromentries/-/object.fromentries-2.0.8.tgz 2399ms (cache miss)
1160 http fetch GET 200 https://registry.npmjs.org/object-inspect/-/object-inspect-1.13.4.tgz 2401ms (cache miss)
1161 http fetch GET 200 https://registry.npmjs.org/object-keys/-/object-keys-1.1.1.tgz 2407ms (cache miss)
1162 http fetch GET 200 https://registry.npmjs.org/object-assign/-/object-assign-4.1.1.tgz 2419ms (cache miss)
1163 http fetch GET 200 https://registry.npmjs.org/object.entries/-/object.entries-1.1.9.tgz 2421ms (cache miss)
1164 http fetch GET 200 https://registry.npmjs.org/path-exists/-/path-exists-4.0.0.tgz 2420ms (cache miss)
1165 http fetch GET 200 https://registry.npmjs.org/object.assign/-/object.assign-4.1.7.tgz 2422ms (cache miss)
1166 http fetch GET 200 https://registry.npmjs.org/object-hash/-/object-hash-3.0.0.tgz 2421ms (cache miss)
1167 http fetch GET 200 https://registry.npmjs.org/normalize-path/-/normalize-path-3.0.0.tgz 2517ms (cache miss)
1168 http fetch GET 200 https://registry.npmjs.org/normalize-range/-/normalize-range-0.1.2.tgz 2522ms (cache miss)
1169 http fetch GET 200 https://registry.npmjs.org/natural-compare/-/natural-compare-1.4.0.tgz 2665ms (cache miss)
1170 http fetch GET 200 https://registry.npmjs.org/napi-postinstall/-/napi-postinstall-0.3.4.tgz 2715ms (cache miss)
1171 http fetch GET 200 https://registry.npmjs.org/node-releases/-/node-releases-2.0.23.tgz 2720ms (cache miss)
1172 http fetch GET 200 https://registry.npmjs.org/react-dom/-/react-dom-19.1.0.tgz 2724ms (cache miss)
1173 http fetch GET 200 https://registry.npmjs.org/mz/-/mz-2.7.0.tgz 2723ms (cache miss)
1174 http fetch GET 200 https://registry.npmjs.org/ms/-/ms-2.1.3.tgz 2730ms (cache miss)
1175 http fetch GET 200 https://registry.npmjs.org/minipass/-/minipass-7.1.2.tgz 2782ms (cache miss)
1176 http fetch GET 200 https://registry.npmjs.org/motion-dom/-/motion-dom-12.23.23.tgz 2795ms (cache miss)
1177 http fetch GET 200 https://registry.npmjs.org/motion-utils/-/motion-utils-12.23.6.tgz 2811ms (cache miss)
1178 http fetch GET 200 https://registry.npmjs.org/nanoid/-/nanoid-3.3.11.tgz 2812ms (cache miss)
1179 http fetch GET 200 https://registry.npmjs.org/minizlib/-/minizlib-3.1.0.tgz 2812ms (cache miss)
1180 http fetch GET 200 https://registry.npmjs.org/minimist/-/minimist-1.2.8.tgz 2851ms (cache miss)
1181 http fetch GET 200 https://registry.npmjs.org/micromatch/-/micromatch-4.0.8.tgz 2881ms (cache miss)
1182 http fetch GET 200 https://registry.npmjs.org/math-intrinsics/-/math-intrinsics-1.1.0.tgz 2984ms (cache miss)
1183 http fetch GET 200 https://registry.npmjs.org/minimatch/-/minimatch-3.1.2.tgz 3002ms (cache miss)
1184 http fetch GET 200 https://registry.npmjs.org/magic-string/-/magic-string-0.30.19.tgz 3007ms (cache miss)
1185 http fetch GET 200 https://registry.npmjs.org/merge2/-/merge2-1.4.1.tgz 3042ms (cache miss)
1186 http fetch GET 200 https://registry.npmjs.org/language-tags/-/language-tags-1.0.9.tgz 3071ms (cache miss)
1187 http fetch GET 200 https://registry.npmjs.org/lilconfig/-/lilconfig-3.1.3.tgz 3104ms (cache miss)
1188 http fetch GET 200 https://registry.npmjs.org/lru-cache/-/lru-cache-10.4.3.tgz 3141ms (cache miss)
1189 http fetch GET 200 https://registry.npmjs.org/lines-and-columns/-/lines-and-columns-1.2.4.tgz 3157ms (cache miss)
1190 http fetch GET 200 https://registry.npmjs.org/loose-envify/-/loose-envify-1.4.0.tgz 3157ms (cache miss)
1191 http fetch GET 200 https://registry.npmjs.org/lodash.merge/-/lodash.merge-4.6.2.tgz 3169ms (cache miss)
1192 http fetch GET 200 https://registry.npmjs.org/locate-path/-/locate-path-6.0.0.tgz 3216ms (cache miss)
1193 http fetch GET 200 https://registry.npmjs.org/lightningcss/-/lightningcss-1.30.1.tgz 3216ms (cache miss)
1194 http fetch GET 200 https://registry.npmjs.org/typescript/-/typescript-5.9.3.tgz 3228ms (cache miss)
1195 http fetch GET 200 https://registry.npmjs.org/jsx-ast-utils/-/jsx-ast-utils-3.3.5.tgz 3234ms (cache miss)
1196 http fetch GET 200 https://registry.npmjs.org/levn/-/levn-0.4.1.tgz 3247ms (cache miss)
1197 http fetch GET 200 https://registry.npmjs.org/keyv/-/keyv-4.5.4.tgz 3352ms (cache miss)
1198 http fetch GET 200 https://registry.npmjs.org/json-stable-stringify-without-jsonify/-/json-stable-stringify-without-jsonify-1.0.1.tgz 3451ms (cache miss)
1199 http fetch GET 200 https://registry.npmjs.org/language-subtag-registry/-/language-subtag-registry-0.3.23.tgz 3459ms (cache miss)
1200 http fetch GET 200 https://registry.npmjs.org/json-buffer/-/json-buffer-3.0.1.tgz 3495ms (cache miss)
1201 http fetch GET 200 https://registry.npmjs.org/jsesc/-/jsesc-3.1.0.tgz 3546ms (cache miss)
1202 http fetch GET 200 https://registry.npmjs.org/json5/-/json5-1.0.2.tgz 3558ms (cache miss)
1203 http fetch GET 200 https://registry.npmjs.org/jackspeak/-/jackspeak-3.4.3.tgz 3567ms (cache miss)
1204 http fetch GET 200 https://registry.npmjs.org/js-yaml/-/js-yaml-4.1.0.tgz 3569ms (cache miss)
1205 http fetch GET 200 https://registry.npmjs.org/json-schema-traverse/-/json-schema-traverse-0.4.1.tgz 3569ms (cache miss)
1206 http fetch GET 200 https://registry.npmjs.org/js-tokens/-/js-tokens-4.0.0.tgz 3606ms (cache miss)
1207 http fetch GET 200 https://registry.npmjs.org/iterator.prototype/-/iterator.prototype-1.1.5.tgz 3606ms (cache miss)
1208 http fetch GET 200 https://registry.npmjs.org/is-weakset/-/is-weakset-2.0.4.tgz 3729ms (cache miss)
1209 http fetch GET 200 https://registry.npmjs.org/is-weakref/-/is-weakref-1.1.1.tgz 3812ms (cache miss)
1210 http fetch GET 200 https://registry.npmjs.org/isexe/-/isexe-2.0.0.tgz 3866ms (cache miss)
1211 http fetch GET 200 https://registry.npmjs.org/is-weakmap/-/is-weakmap-2.0.2.tgz 3908ms (cache miss)
1212 http fetch GET 200 https://registry.npmjs.org/is-shared-array-buffer/-/is-shared-array-buffer-1.0.4.tgz 3947ms (cache miss)
1213 http fetch GET 200 https://registry.npmjs.org/is-typed-array/-/is-typed-array-1.1.15.tgz 3948ms (cache miss)
1214 http fetch GET 200 https://registry.npmjs.org/is-string/-/is-string-1.1.1.tgz 3954ms (cache miss)
1215 http fetch GET 200 https://registry.npmjs.org/is-regex/-/is-regex-1.2.1.tgz 3954ms (cache miss)
1216 http fetch GET 200 https://registry.npmjs.org/is-set/-/is-set-2.0.3.tgz 3957ms (cache miss)
1217 http fetch GET 200 https://registry.npmjs.org/isarray/-/isarray-2.0.5.tgz 3959ms (cache miss)
1218 http fetch GET 200 https://registry.npmjs.org/jiti/-/jiti-2.6.1.tgz 4002ms (cache miss)
1219 http fetch GET 200 https://registry.npmjs.org/is-number-object/-/is-number-object-1.1.1.tgz 4002ms (cache miss)
1220 http fetch GET 200 https://registry.npmjs.org/is-symbol/-/is-symbol-1.1.1.tgz 4073ms (cache miss)
1221 http fetch GET 200 https://registry.npmjs.org/is-number/-/is-number-7.0.0.tgz 4117ms (cache miss)
1222 http fetch GET 200 https://registry.npmjs.org/is-negative-zero/-/is-negative-zero-2.0.3.tgz 4246ms (cache miss)
1223 http fetch GET 200 https://registry.npmjs.org/is-generator-function/-/is-generator-function-1.1.2.tgz 4317ms (cache miss)
1224 http fetch GET 200 https://registry.npmjs.org/is-fullwidth-code-point/-/is-fullwidth-code-point-3.0.0.tgz 4326ms (cache miss)
1225 http fetch GET 200 https://registry.npmjs.org/is-extglob/-/is-extglob-2.1.1.tgz 4326ms (cache miss)
1226 http fetch GET 200 https://registry.npmjs.org/is-glob/-/is-glob-4.0.3.tgz 4327ms (cache miss)
1227 http fetch GET 200 https://registry.npmjs.org/is-finalizationregistry/-/is-finalizationregistry-1.1.1.tgz 4327ms (cache miss)
1228 http fetch GET 200 https://registry.npmjs.org/is-map/-/is-map-2.0.3.tgz 4327ms (cache miss)
1229 http fetch GET 200 https://registry.npmjs.org/is-date-object/-/is-date-object-1.1.0.tgz 4327ms (cache miss)
1230 http fetch GET 200 https://registry.npmjs.org/is-data-view/-/is-data-view-1.0.2.tgz 4378ms (cache miss)
1231 http fetch GET 200 https://registry.npmjs.org/is-callable/-/is-callable-1.2.7.tgz 4433ms (cache miss)
1232 http fetch GET 200 https://registry.npmjs.org/is-bun-module/-/is-bun-module-2.0.0.tgz 4449ms (cache miss)
1233 http fetch GET 200 https://registry.npmjs.org/is-boolean-object/-/is-boolean-object-1.2.2.tgz 4524ms (cache miss)
1234 http fetch GET 200 https://registry.npmjs.org/is-binary-path/-/is-binary-path-2.1.0.tgz 4587ms (cache miss)
1235 http fetch GET 200 https://registry.npmjs.org/internal-slot/-/internal-slot-1.1.0.tgz 4744ms (cache miss)
1236 http fetch GET 200 https://registry.npmjs.org/is-bigint/-/is-bigint-1.1.0.tgz 4744ms (cache miss)
1237 http fetch GET 200 https://registry.npmjs.org/is-array-buffer/-/is-array-buffer-3.0.5.tgz 4755ms (cache miss)
1238 http fetch GET 200 https://registry.npmjs.org/is-core-module/-/is-core-module-2.16.1.tgz 4755ms (cache miss)
1239 http fetch GET 200 https://registry.npmjs.org/imurmurhash/-/imurmurhash-0.1.4.tgz 4755ms (cache miss)
1240 http fetch GET 200 https://registry.npmjs.org/is-async-function/-/is-async-function-2.1.1.tgz 4756ms (cache miss)
1241 http fetch GET 200 https://registry.npmjs.org/import-fresh/-/import-fresh-3.3.1.tgz 4780ms (cache miss)
1242 http fetch GET 200 https://registry.npmjs.org/ignore/-/ignore-5.3.2.tgz 4784ms (cache miss)
1243 http fetch GET 200 https://registry.npmjs.org/hermes-estree/-/hermes-estree-0.25.1.tgz 4843ms (cache miss)
1244 http fetch GET 200 https://registry.npmjs.org/hasown/-/hasown-2.0.2.tgz 4854ms (cache miss)
1245 http fetch GET 200 https://registry.npmjs.org/has-tostringtag/-/has-tostringtag-1.0.2.tgz 4931ms (cache miss)
1246 http fetch GET 200 https://registry.npmjs.org/has-symbols/-/has-symbols-1.1.0.tgz 5074ms (cache miss)
1247 http fetch GET 200 https://registry.npmjs.org/has-property-descriptors/-/has-property-descriptors-1.0.2.tgz 5090ms (cache miss)
1248 http fetch GET 200 https://registry.npmjs.org/has-flag/-/has-flag-4.0.0.tgz 5103ms (cache miss)
1249 http fetch GET 200 https://registry.npmjs.org/has-bigints/-/has-bigints-1.1.0.tgz 5107ms (cache miss)
1250 http fetch GET 200 https://registry.npmjs.org/gopd/-/gopd-1.2.0.tgz 5107ms (cache miss)
1251 http fetch GET 200 https://registry.npmjs.org/graphemer/-/graphemer-1.4.0.tgz 5150ms (cache miss)
1252 http fetch GET 200 https://registry.npmjs.org/globalthis/-/globalthis-1.0.4.tgz 5151ms (cache miss)
1253 http fetch GET 200 https://registry.npmjs.org/graceful-fs/-/graceful-fs-4.2.11.tgz 5152ms (cache miss)
1254 http fetch GET 200 https://registry.npmjs.org/globals/-/globals-14.0.0.tgz 5196ms (cache miss)
1255 http fetch GET 200 https://registry.npmjs.org/has-proto/-/has-proto-1.2.0.tgz 5237ms (cache miss)
1256 http fetch GET 200 https://registry.npmjs.org/hermes-parser/-/hermes-parser-0.25.1.tgz 5329ms (cache miss)
1257 http fetch GET 200 https://registry.npmjs.org/glob-parent/-/glob-parent-6.0.2.tgz 5339ms (cache miss)
1258 http fetch GET 200 https://registry.npmjs.org/get-proto/-/get-proto-1.0.1.tgz 5366ms (cache miss)
1259 http fetch GET 200 https://registry.npmjs.org/glob/-/glob-10.4.5.tgz 5368ms (cache miss)
1260 http fetch GET 200 https://registry.npmjs.org/gensync/-/gensync-1.0.0-beta.2.tgz 5373ms (cache miss)
1261 http fetch GET 200 https://registry.npmjs.org/get-symbol-description/-/get-symbol-description-1.1.0.tgz 5382ms (cache miss)
1262 http fetch GET 200 https://registry.npmjs.org/get-intrinsic/-/get-intrinsic-1.3.0.tgz 5382ms (cache miss)
1263 http fetch GET 200 https://registry.npmjs.org/generator-function/-/generator-function-2.0.1.tgz 5381ms (cache miss)
1264 http fetch GET 200 https://registry.npmjs.org/get-tsconfig/-/get-tsconfig-4.12.0.tgz 5394ms (cache miss)
1265 http fetch GET 200 https://registry.npmjs.org/function-bind/-/function-bind-1.1.2.tgz 5401ms (cache miss)
1266 http fetch GET 200 https://registry.npmjs.org/functions-have-names/-/functions-have-names-1.2.3.tgz 5408ms (cache miss)
1267 http fetch GET 200 https://registry.npmjs.org/fsevents/-/fsevents-2.3.3.tgz 5416ms (cache miss)
1268 http fetch GET 200 https://registry.npmjs.org/for-each/-/for-each-0.3.5.tgz 5563ms (cache miss)
1269 http fetch GET 200 https://registry.npmjs.org/fraction.js/-/fraction.js-4.3.7.tgz 5563ms (cache miss)
1270 http fetch GET 200 https://registry.npmjs.org/foreground-child/-/foreground-child-3.3.1.tgz 5571ms (cache miss)
1271 http fetch GET 200 https://registry.npmjs.org/flatted/-/flatted-3.3.3.tgz 5579ms (cache miss)
1272 http fetch GET 200 https://registry.npmjs.org/flat-cache/-/flat-cache-4.0.1.tgz 5582ms (cache miss)
1273 http fetch GET 200 https://registry.npmjs.org/function.prototype.name/-/function.prototype.name-1.1.8.tgz 5583ms (cache miss)
1274 http fetch GET 200 https://registry.npmjs.org/find-up/-/find-up-5.0.0.tgz 5600ms (cache miss)
1275 http fetch GET 200 https://registry.npmjs.org/file-entry-cache/-/file-entry-cache-8.0.0.tgz 5703ms (cache miss)
1276 http fetch GET 200 https://registry.npmjs.org/fast-levenshtein/-/fast-levenshtein-2.0.6.tgz 5750ms (cache miss)
1277 http fetch GET 200 https://registry.npmjs.org/fastq/-/fastq-1.19.1.tgz 5758ms (cache miss)
1278 http fetch GET 200 https://registry.npmjs.org/fill-range/-/fill-range-7.1.1.tgz 5870ms (cache miss)
1279 http fetch GET 200 https://registry.npmjs.org/fast-deep-equal/-/fast-deep-equal-3.1.3.tgz 5891ms (cache miss)
1280 http fetch GET 200 https://registry.npmjs.org/esrecurse/-/esrecurse-4.3.0.tgz 5894ms (cache miss)
1281 http fetch GET 200 https://registry.npmjs.org/espree/-/espree-10.4.0.tgz 5902ms (cache miss)
1282 http fetch GET 200 https://registry.npmjs.org/esutils/-/esutils-2.0.3.tgz 5913ms (cache miss)
1283 http fetch GET 200 https://registry.npmjs.org/fast-glob/-/fast-glob-3.3.1.tgz 5915ms (cache miss)
1284 http fetch GET 200 https://registry.npmjs.org/esquery/-/esquery-1.6.0.tgz 6021ms (cache miss)
1285 http fetch GET 200 https://registry.npmjs.org/framer-motion/-/framer-motion-12.23.24.tgz 6065ms (cache miss)
1286 http fetch GET 200 https://registry.npmjs.org/eslint-visitor-keys/-/eslint-visitor-keys-4.2.1.tgz 6089ms (cache miss)
1287 http fetch GET 200 https://registry.npmjs.org/lucide-react/-/lucide-react-0.542.0.tgz 6112ms (cache miss)
1288 http fetch GET 200 https://registry.npmjs.org/fast-json-stable-stringify/-/fast-json-stable-stringify-2.1.0.tgz 6105ms (cache miss)
1289 http fetch GET 200 https://registry.npmjs.org/eslint-scope/-/eslint-scope-8.4.0.tgz 6105ms (cache miss)
1290 http fetch GET 200 https://registry.npmjs.org/eslint-module-utils/-/eslint-module-utils-2.12.1.tgz 6239ms (cache miss)
1291 http fetch GET 200 https://registry.npmjs.org/eslint-plugin-jsx-a11y/-/eslint-plugin-jsx-a11y-6.10.2.tgz 6293ms (cache miss)
1292 http fetch GET 200 https://registry.npmjs.org/eslint-import-resolver-typescript/-/eslint-import-resolver-typescript-3.10.1.tgz 6300ms (cache miss)
1293 http fetch GET 200 https://registry.npmjs.org/eslint-import-resolver-node/-/eslint-import-resolver-node-0.3.9.tgz 6308ms (cache miss)
1294 http fetch GET 200 https://registry.npmjs.org/eslint-config-next/-/eslint-config-next-16.0.1.tgz 6415ms (cache miss)
1295 http fetch GET 200 https://registry.npmjs.org/eslint-plugin-react/-/eslint-plugin-react-7.37.5.tgz 6499ms (cache miss)
1296 http fetch GET 200 https://registry.npmjs.org/escalade/-/escalade-3.2.0.tgz 6632ms (cache miss)
1297 http fetch GET 200 https://registry.npmjs.org/escape-string-regexp/-/escape-string-regexp-4.0.0.tgz 6636ms (cache miss)
1298 http fetch GET 200 https://registry.npmjs.org/es-shim-unscopables/-/es-shim-unscopables-1.1.0.tgz 6636ms (cache miss)
1299 http fetch GET 200 https://registry.npmjs.org/eslint-plugin-react-hooks/-/eslint-plugin-react-hooks-7.0.1.tgz 6668ms (cache miss)
1300 http fetch GET 200 https://registry.npmjs.org/es-set-tostringtag/-/es-set-tostringtag-2.1.0.tgz 6674ms (cache miss)
1301 http fetch GET 200 https://registry.npmjs.org/es-object-atoms/-/es-object-atoms-1.1.1.tgz 6707ms (cache miss)
1302 http fetch GET 200 https://registry.npmjs.org/eslint-plugin-import/-/eslint-plugin-import-2.32.0.tgz 6710ms (cache miss)
1303 http fetch GET 200 https://registry.npmjs.org/es-to-primitive/-/es-to-primitive-1.3.0.tgz 6712ms (cache miss)
1304 http fetch GET 200 https://registry.npmjs.org/es-errors/-/es-errors-1.3.0.tgz 6802ms (cache miss)
1305 http fetch GET 200 https://registry.npmjs.org/eslint/-/eslint-9.37.0.tgz 6878ms (cache miss)
1306 http fetch GET 200 https://registry.npmjs.org/es-define-property/-/es-define-property-1.0.1.tgz 6893ms (cache miss)
1307 http fetch GET 200 https://registry.npmjs.org/eastasianwidth/-/eastasianwidth-0.2.0.tgz 6893ms (cache miss)
1308 http fetch GET 200 https://registry.npmjs.org/enhanced-resolve/-/enhanced-resolve-5.18.3.tgz 6895ms (cache miss)
1309 http fetch GET 200 https://registry.npmjs.org/dunder-proto/-/dunder-proto-1.0.1.tgz 6899ms (cache miss)
1310 http fetch GET 200 https://registry.npmjs.org/didyoumean/-/didyoumean-1.2.2.tgz 6913ms (cache miss)
1311 http fetch GET 200 https://registry.npmjs.org/electron-to-chromium/-/electron-to-chromium-1.5.235.tgz 6929ms (cache miss)
1312 http fetch GET 200 https://registry.npmjs.org/emoji-regex/-/emoji-regex-9.2.2.tgz 6946ms (cache miss)
1313 http fetch GET 200 https://registry.npmjs.org/doctrine/-/doctrine-2.1.0.tgz 6980ms (cache miss)
1314 http fetch GET 200 https://registry.npmjs.org/dlv/-/dlv-1.1.3.tgz 6984ms (cache miss)
1315 http fetch GET 200 https://registry.npmjs.org/estraverse/-/estraverse-5.3.0.tgz 7070ms (cache miss)
1316 http fetch GET 200 https://registry.npmjs.org/es-abstract/-/es-abstract-1.24.0.tgz 7080ms (cache miss)
1317 http fetch GET 200 https://registry.npmjs.org/debug/-/debug-4.4.3.tgz 7087ms (cache miss)
1318 http fetch GET 200 https://registry.npmjs.org/deep-is/-/deep-is-0.1.4.tgz 7087ms (cache miss)
1319 http fetch GET 200 https://registry.npmjs.org/data-view-byte-length/-/data-view-byte-length-1.0.2.tgz 7088ms (cache miss)
1320 http fetch GET 200 https://registry.npmjs.org/define-properties/-/define-properties-1.2.1.tgz 7095ms (cache miss)
1321 http fetch GET 200 https://registry.npmjs.org/data-view-buffer/-/data-view-buffer-1.0.2.tgz 7126ms (cache miss)
1322 http fetch GET 200 https://registry.npmjs.org/define-data-property/-/define-data-property-1.1.4.tgz 7136ms (cache miss)
1323 http fetch GET 200 https://registry.npmjs.org/csstype/-/csstype-3.1.3.tgz 7140ms (cache miss)
1324 http fetch GET 200 https://registry.npmjs.org/damerau-levenshtein/-/damerau-levenshtein-1.0.8.tgz 7140ms (cache miss)
1325 http fetch GET 200 https://registry.npmjs.org/data-view-byte-offset/-/data-view-byte-offset-1.0.1.tgz 7147ms (cache miss)
1326 http fetch GET 200 https://registry.npmjs.org/cssesc/-/cssesc-3.0.0.tgz 7147ms (cache miss)
1327 http fetch GET 200 https://registry.npmjs.org/cross-spawn/-/cross-spawn-7.0.6.tgz 7153ms (cache miss)
1328 http fetch GET 200 https://registry.npmjs.org/concat-map/-/concat-map-0.0.1.tgz 7180ms (cache miss)
1329 http fetch GET 200 https://registry.npmjs.org/color-name/-/color-name-1.1.4.tgz 7183ms (cache miss)
1330 http fetch GET 200 https://registry.npmjs.org/color-convert/-/color-convert-2.0.1.tgz 7194ms (cache miss)
1331 http fetch GET 200 https://registry.npmjs.org/commander/-/commander-4.1.1.tgz 7194ms (cache miss)
1332 http fetch GET 200 https://registry.npmjs.org/client-only/-/client-only-0.0.1.tgz 7225ms (cache miss)
1333 http fetch GET 200 https://registry.npmjs.org/detect-libc/-/detect-libc-2.1.2.tgz 7228ms (cache miss)
1334 http fetch GET 200 https://registry.npmjs.org/clsx/-/clsx-2.1.1.tgz 7238ms (cache miss)
1335 http fetch GET 200 https://registry.npmjs.org/chalk/-/chalk-4.1.2.tgz 7246ms (cache miss)
1336 http fetch GET 200 https://registry.npmjs.org/chownr/-/chownr-3.0.0.tgz 7248ms (cache miss)
1337 http fetch GET 200 https://registry.npmjs.org/call-bind-apply-helpers/-/call-bind-apply-helpers-1.0.2.tgz 7319ms (cache miss)
1338 http fetch GET 200 https://registry.npmjs.org/call-bind/-/call-bind-1.0.8.tgz 7322ms (cache miss)
1339 http fetch GET 200 https://registry.npmjs.org/callsites/-/callsites-3.1.0.tgz 7324ms (cache miss)
1340 http fetch GET 200 https://registry.npmjs.org/call-bound/-/call-bound-1.0.4.tgz 7324ms (cache miss)
1341 http fetch GET 200 https://registry.npmjs.org/camelcase-css/-/camelcase-css-2.0.1.tgz 7331ms (cache miss)
1342 http fetch GET 200 https://registry.npmjs.org/braces/-/braces-3.0.3.tgz 7335ms (cache miss)
1343 http fetch GET 200 https://registry.npmjs.org/chokidar/-/chokidar-3.6.0.tgz 7349ms (cache miss)
1344 http fetch GET 200 https://registry.npmjs.org/caniuse-lite/-/caniuse-lite-1.0.30001750.tgz 7381ms (cache miss)
1345 http fetch GET 200 https://registry.npmjs.org/balanced-match/-/balanced-match-1.0.2.tgz 7389ms (cache miss)
1346 http fetch GET 200 https://registry.npmjs.org/baseline-browser-mapping/-/baseline-browser-mapping-2.8.16.tgz 7400ms (cache miss)
1347 http fetch GET 200 https://registry.npmjs.org/brace-expansion/-/brace-expansion-1.1.12.tgz 7404ms (cache miss)
1348 http fetch GET 200 https://registry.npmjs.org/browserslist/-/browserslist-4.26.3.tgz 7404ms (cache miss)
1349 http fetch GET 200 https://registry.npmjs.org/available-typed-arrays/-/available-typed-arrays-1.0.7.tgz 7439ms (cache miss)
1350 http fetch GET 200 https://registry.npmjs.org/binary-extensions/-/binary-extensions-2.3.0.tgz 7445ms (cache miss)
1351 http fetch GET 200 https://registry.npmjs.org/autoprefixer/-/autoprefixer-10.4.21.tgz 7486ms (cache miss)
1352 http fetch GET 200 https://registry.npmjs.org/ast-types-flow/-/ast-types-flow-0.0.8.tgz 7489ms (cache miss)
1353 http fetch GET 200 https://registry.npmjs.org/es-iterator-helpers/-/es-iterator-helpers-1.2.1.tgz 7492ms (cache miss)
1354 http fetch GET 200 https://registry.npmjs.org/axobject-query/-/axobject-query-4.1.0.tgz 7492ms (cache miss)
1355 http fetch GET 200 https://registry.npmjs.org/async-function/-/async-function-1.0.0.tgz 7501ms (cache miss)
1356 http fetch GET 200 https://registry.npmjs.org/arraybuffer.prototype.slice/-/arraybuffer.prototype.slice-1.0.4.tgz 7553ms (cache miss)
1357 http fetch GET 200 https://registry.npmjs.org/array.prototype.findlastindex/-/array.prototype.findlastindex-1.2.6.tgz 7564ms (cache miss)
1358 http fetch GET 200 https://registry.npmjs.org/array-buffer-byte-length/-/array-buffer-byte-length-1.0.2.tgz 7565ms (cache miss)
1359 http fetch GET 200 https://registry.npmjs.org/array.prototype.flatmap/-/array.prototype.flatmap-1.3.3.tgz 7581ms (cache miss)
1360 http fetch GET 200 https://registry.npmjs.org/lightningcss-darwin-arm64/-/lightningcss-darwin-arm64-1.30.1.tgz 7592ms (cache miss)
1361 http fetch GET 200 https://registry.npmjs.org/array.prototype.findlast/-/array.prototype.findlast-1.2.5.tgz 7581ms (cache miss)
1362 http fetch GET 200 https://registry.npmjs.org/array-includes/-/array-includes-3.1.9.tgz 7637ms (cache miss)
1363 http fetch GET 200 https://registry.npmjs.org/anymatch/-/anymatch-3.1.3.tgz 7652ms (cache miss)
1364 http fetch GET 200 https://registry.npmjs.org/arg/-/arg-5.0.2.tgz 7652ms (cache miss)
1365 http fetch GET 200 https://registry.npmjs.org/argparse/-/argparse-2.0.1.tgz 7653ms (cache miss)
1366 http fetch GET 200 https://registry.npmjs.org/array.prototype.flat/-/array.prototype.flat-1.3.3.tgz 7655ms (cache miss)
1367 http fetch GET 200 https://registry.npmjs.org/aria-query/-/aria-query-5.3.2.tgz 7666ms (cache miss)
1368 http fetch GET 200 https://registry.npmjs.org/any-promise/-/any-promise-1.3.0.tgz 7680ms (cache miss)
1369 http fetch GET 200 https://registry.npmjs.org/ansi-styles/-/ansi-styles-4.3.0.tgz 7691ms (cache miss)
1370 http fetch GET 200 https://registry.npmjs.org/ansi-regex/-/ansi-regex-6.2.2.tgz 7696ms (cache miss)
1371 http fetch GET 200 https://registry.npmjs.org/array.prototype.tosorted/-/array.prototype.tosorted-1.1.4.tgz 7722ms (cache miss)
1372 http fetch GET 200 https://registry.npmjs.org/acorn/-/acorn-8.15.0.tgz 7734ms (cache miss)
1373 http fetch GET 200 https://registry.npmjs.org/acorn-jsx/-/acorn-jsx-5.3.2.tgz 7748ms (cache miss)
1374 http fetch GET 200 https://registry.npmjs.org/@typescript-eslint/utils/-/utils-8.46.2.tgz 7842ms (cache miss)
1375 http fetch GET 200 https://registry.npmjs.org/@typescript-eslint/typescript-estree/-/typescript-estree-8.46.2.tgz 7853ms (cache miss)
1376 http fetch GET 200 https://registry.npmjs.org/@typescript-eslint/type-utils/-/type-utils-8.46.2.tgz 7858ms (cache miss)
1377 http fetch GET 200 https://registry.npmjs.org/@typescript-eslint/types/-/types-8.46.2.tgz 7864ms (cache miss)
1378 http fetch GET 200 https://registry.npmjs.org/@typescript-eslint/project-service/-/project-service-8.46.2.tgz 7875ms (cache miss)
1379 http fetch GET 200 https://registry.npmjs.org/@typescript-eslint/tsconfig-utils/-/tsconfig-utils-8.46.2.tgz 7886ms (cache miss)
1380 http fetch GET 200 https://registry.npmjs.org/axe-core/-/axe-core-4.11.0.tgz 7889ms (cache miss)
1381 http fetch GET 200 https://registry.npmjs.org/@typescript-eslint/parser/-/parser-8.46.2.tgz 7944ms (cache miss)
1382 http fetch GET 200 https://registry.npmjs.org/@types/react-dom/-/react-dom-19.2.2.tgz 7964ms (cache miss)
1383 http fetch GET 200 https://registry.npmjs.org/@typescript-eslint/eslint-plugin/-/eslint-plugin-8.46.2.tgz 7967ms (cache miss)
1384 http fetch GET 200 https://registry.npmjs.org/@typescript-eslint/scope-manager/-/scope-manager-8.46.2.tgz 7983ms (cache miss)
1385 http fetch GET 200 https://registry.npmjs.org/convert-source-map/-/convert-source-map-2.0.0.tgz 8033ms (cache miss)
1386 http fetch GET 200 https://registry.npmjs.org/ajv/-/ajv-6.12.6.tgz 8031ms (cache miss)
1387 http fetch GET 200 https://registry.npmjs.org/@types/json5/-/json5-0.0.29.tgz 8034ms (cache miss)
1388 http fetch GET 200 https://registry.npmjs.org/@types/estree/-/estree-1.0.8.tgz 8035ms (cache miss)
1389 http fetch GET 200 https://registry.npmjs.org/@types/react/-/react-19.2.2.tgz 8072ms (cache miss)
1390 http fetch GET 200 https://registry.npmjs.org/@types/json-schema/-/json-schema-7.0.15.tgz 8101ms (cache miss)
1391 http fetch GET 200 https://registry.npmjs.org/@tybys/wasm-util/-/wasm-util-0.10.1.tgz 8141ms (cache miss)
1392 http fetch GET 200 https://registry.npmjs.org/@types/node/-/node-20.19.21.tgz 8168ms (cache miss)
1393 http fetch GET 200 https://registry.npmjs.org/@typescript-eslint/visitor-keys/-/visitor-keys-8.46.2.tgz 8296ms (cache miss)
1394 http fetch GET 200 https://registry.npmjs.org/@pkgjs/parseargs/-/parseargs-0.11.0.tgz 8320ms (cache miss)
1395 http fetch GET 200 https://registry.npmjs.org/@nodelib/fs.stat/-/fs.stat-2.0.5.tgz 8321ms (cache miss)
1396 http fetch GET 200 https://registry.npmjs.org/@nolyfill/is-core-module/-/is-core-module-1.0.39.tgz 8332ms (cache miss)
1397 http fetch GET 200 https://registry.npmjs.org/@rtsao/scc/-/scc-1.1.0.tgz 8343ms (cache miss)
1398 http fetch GET 200 https://registry.npmjs.org/@nodelib/fs.walk/-/fs.walk-1.2.8.tgz 8350ms (cache miss)
1399 http fetch GET 200 https://registry.npmjs.org/@tailwindcss/postcss/-/postcss-4.1.14.tgz 8355ms (cache miss)
1400 http fetch GET 200 https://registry.npmjs.org/@tanstack/react-query/-/react-query-5.90.3.tgz 8358ms (cache miss)
1401 http fetch GET 200 https://registry.npmjs.org/@nodelib/fs.scandir/-/fs.scandir-2.1.5.tgz 8398ms (cache miss)
1402 http fetch GET 200 https://registry.npmjs.org/@tanstack/query-core/-/query-core-5.90.3.tgz 8404ms (cache miss)
1403 http fetch GET 200 https://registry.npmjs.org/@swc/helpers/-/helpers-0.5.15.tgz 8453ms (cache miss)
1404 http fetch GET 200 https://registry.npmjs.org/@unrs/resolver-binding-darwin-arm64/-/resolver-binding-darwin-arm64-1.11.1.tgz 8546ms (cache miss)
1405 http fetch GET 200 https://registry.npmjs.org/@tailwindcss/node/-/node-4.1.14.tgz 8547ms (cache miss)
1406 http fetch GET 200 https://registry.npmjs.org/@next/env/-/env-16.0.1.tgz 8558ms (cache miss)
1407 http fetch GET 200 https://registry.npmjs.org/@next/eslint-plugin-next/-/eslint-plugin-next-16.0.1.tgz 8563ms (cache miss)
1408 http fetch GET 200 https://registry.npmjs.org/@jridgewell/gen-mapping/-/gen-mapping-0.3.13.tgz 8634ms (cache miss)
1409 http fetch GET 200 https://registry.npmjs.org/@isaacs/fs-minipass/-/fs-minipass-4.0.1.tgz 8635ms (cache miss)
1410 http fetch GET 200 https://registry.npmjs.org/@jridgewell/sourcemap-codec/-/sourcemap-codec-1.5.5.tgz 8645ms (cache miss)
1411 http fetch GET 200 https://registry.npmjs.org/@jridgewell/resolve-uri/-/resolve-uri-3.1.2.tgz 8652ms (cache miss)
1412 http fetch GET 200 https://registry.npmjs.org/@jridgewell/remapping/-/remapping-2.3.5.tgz 8685ms (cache miss)
1413 http fetch GET 200 https://registry.npmjs.org/@jridgewell/trace-mapping/-/trace-mapping-0.3.31.tgz 8709ms (cache miss)
1414 http fetch GET 200 https://registry.npmjs.org/@img/colour/-/colour-1.0.0.tgz 8833ms (cache miss)
1415 http fetch GET 200 https://registry.npmjs.org/@humanwhocodes/retry/-/retry-0.4.3.tgz 8857ms (cache miss)
1416 http fetch GET 200 https://registry.npmjs.org/@img/sharp-darwin-arm64/-/sharp-darwin-arm64-0.34.4.tgz 8875ms (cache miss)
1417 http fetch GET 200 https://registry.npmjs.org/@tailwindcss/oxide/-/oxide-4.1.14.tgz 8907ms (cache miss)
1418 http fetch GET 200 https://registry.npmjs.org/@humanfs/core/-/core-0.19.1.tgz 8951ms (cache miss)
1419 http fetch GET 200 https://registry.npmjs.org/@humanfs/node/-/node-0.16.7.tgz 8952ms (cache miss)
1420 http fetch GET 200 https://registry.npmjs.org/@fullcalendar/react/-/react-6.1.19.tgz 8954ms (cache miss)
1421 http fetch GET 200 https://registry.npmjs.org/@humanwhocodes/module-importer/-/module-importer-1.0.1.tgz 8954ms (cache miss)
1422 http fetch GET 200 https://registry.npmjs.org/@eslint/plugin-kit/-/plugin-kit-0.4.0.tgz 9264ms (cache miss)
1423 http fetch GET 200 https://registry.npmjs.org/@eslint/eslintrc/-/eslintrc-3.3.1.tgz 9312ms (cache miss)
1424 http fetch GET 200 https://registry.npmjs.org/@eslint/core/-/core-0.16.0.tgz 9316ms (cache miss)
1425 http fetch GET 200 https://registry.npmjs.org/@eslint/config-helpers/-/config-helpers-0.4.0.tgz 9321ms (cache miss)
1426 http fetch GET 200 https://registry.npmjs.org/@eslint/config-array/-/config-array-0.21.0.tgz 9335ms (cache miss)
1427 http fetch GET 200 https://registry.npmjs.org/@fullcalendar/daygrid/-/daygrid-6.1.19.tgz 9623ms (cache miss)
1428 http fetch GET 200 https://registry.npmjs.org/@eslint/js/-/js-9.37.0.tgz 9649ms (cache miss)
1429 http fetch GET 200 https://registry.npmjs.org/@fullcalendar/interaction/-/interaction-6.1.19.tgz 9655ms (cache miss)
1430 http fetch GET 200 https://registry.npmjs.org/@emnapi/wasi-threads/-/wasi-threads-1.1.0.tgz 9796ms (cache miss)
1431 http fetch GET 200 https://registry.npmjs.org/@emnapi/runtime/-/runtime-1.5.0.tgz 9833ms (cache miss)
1432 http fetch GET 200 https://registry.npmjs.org/@eslint-community/regexpp/-/regexpp-4.12.1.tgz 9883ms (cache miss)
1433 http fetch GET 200 https://registry.npmjs.org/@eslint/object-schema/-/object-schema-2.1.6.tgz 9943ms (cache miss)
1434 http fetch GET 200 https://registry.npmjs.org/@fullcalendar/core/-/core-6.1.19.tgz 9974ms (cache miss)
1435 http fetch GET 200 https://registry.npmjs.org/@napi-rs/wasm-runtime/-/wasm-runtime-0.2.12.tgz 10007ms (cache miss)
1436 http fetch GET 200 https://registry.npmjs.org/@babel/traverse/-/traverse-7.28.5.tgz 10080ms (cache miss)
1437 http fetch GET 200 https://registry.npmjs.org/@isaacs/cliui/-/cliui-8.0.2.tgz 10085ms (cache miss)
1438 http fetch GET 200 https://registry.npmjs.org/@babel/types/-/types-7.28.5.tgz 10193ms (cache miss)
1439 http fetch GET 200 https://registry.npmjs.org/@babel/template/-/template-7.27.2.tgz 10194ms (cache miss)
1440 http fetch GET 200 https://registry.npmjs.org/@babel/helpers/-/helpers-7.28.4.tgz 10254ms (cache miss)
1441 http fetch GET 200 https://registry.npmjs.org/@babel/helper-validator-option/-/helper-validator-option-7.27.1.tgz 10271ms (cache miss)
1442 http fetch GET 200 https://registry.npmjs.org/@babel/helper-string-parser/-/helper-string-parser-7.27.1.tgz 10350ms (cache miss)
1443 http fetch GET 200 https://registry.npmjs.org/@emnapi/core/-/core-1.5.0.tgz 10363ms (cache miss)
1444 http fetch GET 200 https://registry.npmjs.org/@eslint-community/eslint-utils/-/eslint-utils-4.9.0.tgz 10367ms (cache miss)
1445 http fetch GET 200 https://registry.npmjs.org/@babel/helper-globals/-/helper-globals-7.28.0.tgz 10396ms (cache miss)
1446 http fetch GET 200 https://registry.npmjs.org/@babel/compat-data/-/compat-data-7.28.5.tgz 10453ms (cache miss)
1447 http fetch GET 200 https://registry.npmjs.org/@babel/helper-compilation-targets/-/helper-compilation-targets-7.27.2.tgz 10486ms (cache miss)
1448 http fetch GET 200 https://registry.npmjs.org/@babel/generator/-/generator-7.28.5.tgz 10548ms (cache miss)
1449 http fetch GET 200 https://registry.npmjs.org/@babel/core/-/core-7.28.5.tgz 10563ms (cache miss)
1450 http fetch GET 200 https://registry.npmjs.org/@babel/helper-module-transforms/-/helper-module-transforms-7.28.3.tgz 10566ms (cache miss)
1451 http fetch GET 200 https://registry.npmjs.org/ansi-regex/-/ansi-regex-5.0.1.tgz 10572ms (cache miss)
1452 http fetch GET 200 https://registry.npmjs.org/@alloc/quick-lru/-/quick-lru-5.2.0.tgz 10572ms (cache miss)
1453 http fetch GET 200 https://registry.npmjs.org/@babel/helper-module-imports/-/helper-module-imports-7.27.1.tgz 10587ms (cache miss)
1454 http fetch GET 200 https://registry.npmjs.org/emoji-regex/-/emoji-regex-8.0.0.tgz 10591ms (cache miss)
1455 http fetch GET 200 https://registry.npmjs.org/@babel/parser/-/parser-7.28.5.tgz 10614ms (cache miss)
1456 http fetch GET 200 https://registry.npmjs.org/strip-ansi/-/strip-ansi-6.0.1.tgz 10626ms (cache miss)
1457 http fetch GET 200 https://registry.npmjs.org/string-width/-/string-width-4.2.3.tgz 10646ms (cache miss)
1458 http fetch GET 200 https://registry.npmjs.org/@tailwindcss/oxide-darwin-arm64/-/oxide-darwin-arm64-4.1.14.tgz 10654ms (cache miss)
1459 http fetch GET 200 https://registry.npmjs.org/picomatch/-/picomatch-4.0.3.tgz 10692ms (cache miss)
1460 http fetch GET 200 https://registry.npmjs.org/glob-parent/-/glob-parent-5.1.2.tgz 10695ms (cache miss)
1461 http fetch GET 200 https://registry.npmjs.org/strip-ansi/-/strip-ansi-6.0.1.tgz 10699ms (cache miss)
1462 http fetch GET 200 https://registry.npmjs.org/ansi-regex/-/ansi-regex-5.0.1.tgz 10703ms (cache miss)
1463 http fetch GET 200 https://registry.npmjs.org/emoji-regex/-/emoji-regex-8.0.0.tgz 10705ms (cache miss)
1464 http fetch GET 200 https://registry.npmjs.org/fdir/-/fdir-6.5.0.tgz 10712ms (cache miss)
1465 http fetch GET 200 https://registry.npmjs.org/ansi-styles/-/ansi-styles-6.2.3.tgz 10712ms (cache miss)
1466 http fetch GET 200 https://registry.npmjs.org/fast-glob/-/fast-glob-3.3.3.tgz 10773ms (cache miss)
1467 http fetch GET 200 https://registry.npmjs.org/glob-parent/-/glob-parent-5.1.2.tgz 10873ms (cache miss)
1468 http fetch GET 200 https://registry.npmjs.org/ansi-regex/-/ansi-regex-5.0.1.tgz 10876ms (cache miss)
1469 http fetch GET 200 https://registry.npmjs.org/@babel/code-frame/-/code-frame-7.27.1.tgz 10877ms (cache miss)
1470 http fetch GET 200 https://registry.npmjs.org/postcss/-/postcss-8.4.31.tgz 10884ms (cache miss)
1471 http fetch GET 200 https://registry.npmjs.org/brace-expansion/-/brace-expansion-2.0.2.tgz 10890ms (cache miss)
1472 http fetch GET 200 https://registry.npmjs.org/semver/-/semver-6.3.1.tgz 10897ms (cache miss)
1473 http fetch GET 200 https://registry.npmjs.org/debug/-/debug-3.2.7.tgz 10906ms (cache miss)
1474 http fetch GET 200 https://registry.npmjs.org/resolve/-/resolve-2.0.0-next.5.tgz 10920ms (cache miss)
1475 http fetch GET 200 https://registry.npmjs.org/minimatch/-/minimatch-9.0.5.tgz 10982ms (cache miss)
1476 http fetch GET 200 https://registry.npmjs.org/globals/-/globals-16.4.0.tgz 11112ms (cache miss)
1477 http fetch GET 200 https://registry.npmjs.org/debug/-/debug-3.2.7.tgz 11121ms (cache miss)
1478 http fetch GET 200 https://registry.npmjs.org/brace-expansion/-/brace-expansion-2.0.2.tgz 11128ms (cache miss)
1479 http fetch GET 200 https://registry.npmjs.org/glob-parent/-/glob-parent-5.1.2.tgz 11141ms (cache miss)
1480 http fetch GET 200 https://registry.npmjs.org/debug/-/debug-3.2.7.tgz 11141ms (cache miss)
1481 http fetch GET 200 https://registry.npmjs.org/glob-parent/-/glob-parent-5.1.2.tgz 11163ms (cache miss)
1482 http fetch GET 200 https://registry.npmjs.org/minimatch/-/minimatch-9.0.5.tgz 11176ms (cache miss)
1483 http fetch GET 200 https://registry.npmjs.org/semver/-/semver-6.3.1.tgz 11179ms (cache miss)
1484 http fetch GET 200 https://registry.npmjs.org/ignore/-/ignore-7.0.5.tgz 11202ms (cache miss)
1485 http fetch GET 200 https://registry.npmjs.org/fast-glob/-/fast-glob-3.3.3.tgz 11203ms (cache miss)
1486 http fetch GET 200 https://registry.npmjs.org/jiti/-/jiti-1.21.7.tgz 11258ms (cache miss)
1487 http fetch GET 200 https://registry.npmjs.org/tailwindcss/-/tailwindcss-4.1.14.tgz 11327ms (cache miss)
1488 http fetch GET 200 https://registry.npmjs.org/eslint-visitor-keys/-/eslint-visitor-keys-3.4.3.tgz 11468ms (cache miss)
1489 http fetch GET 200 https://registry.npmjs.org/lru-cache/-/lru-cache-5.1.1.tgz 11469ms (cache miss)
1490 http fetch GET 200 https://registry.npmjs.org/yallist/-/yallist-3.1.1.tgz 11472ms (cache miss)
1491 http fetch GET 200 https://registry.npmjs.org/tailwindcss/-/tailwindcss-4.1.14.tgz 11500ms (cache miss)
1492 http fetch GET 200 https://registry.npmjs.org/semver/-/semver-6.3.1.tgz 11508ms (cache miss)
1493 http fetch GET 200 https://registry.npmjs.org/semver/-/semver-6.3.1.tgz 11512ms (cache miss)
1494 http fetch GET 200 https://registry.npmjs.org/@babel/helper-validator-identifier/-/helper-validator-identifier-7.28.5.tgz 11527ms (cache miss)
1495 http fetch GET 200 https://registry.npmjs.org/json5/-/json5-2.2.3.tgz 11531ms (cache miss)
1496 http fetch GET 200 https://registry.npmjs.org/@img/sharp-libvips-darwin-arm64/-/sharp-libvips-darwin-arm64-1.2.3.tgz 15859ms (cache miss)
1497 http fetch GET 200 https://registry.npmjs.org/next/-/next-16.0.1.tgz 26744ms (cache miss)
1498 http fetch GET 200 https://registry.npmjs.org/@next/swc-darwin-arm64/-/swc-darwin-arm64-16.0.1.tgz 27011ms (cache miss)
1499 info run sharp@0.34.4 install node_modules/sharp node install/check.js
1500 info run sharp@0.34.4 install { code: 0, signal: null }
1501 info run @tailwindcss/oxide@4.1.14 postinstall node_modules/@tailwindcss/oxide node ./scripts/install.js
1502 info run unrs-resolver@1.11.1 postinstall node_modules/unrs-resolver napi-postinstall unrs-resolver 1.11.1 check
1503 info run @tailwindcss/oxide@4.1.14 postinstall { code: 0, signal: null }
1504 info run unrs-resolver@1.11.1 postinstall { code: 0, signal: null }
1505 silly ADD node_modules/zod-validation-error
1506 silly ADD node_modules/zod
1507 silly ADD node_modules/yocto-queue
1508 silly ADD node_modules/yallist
1509 silly ADD node_modules/wrap-ansi-cjs
1510 silly ADD node_modules/wrap-ansi-cjs/node_modules/strip-ansi
1511 silly ADD node_modules/wrap-ansi-cjs/node_modules/string-width
1512 silly ADD node_modules/wrap-ansi-cjs/node_modules/emoji-regex
1513 silly ADD node_modules/wrap-ansi-cjs/node_modules/ansi-regex
1514 silly ADD node_modules/wrap-ansi
1515 silly ADD node_modules/wrap-ansi/node_modules/ansi-styles
1516 silly ADD node_modules/word-wrap
1517 silly ADD node_modules/which-typed-array
1518 silly ADD node_modules/which-collection
1519 silly ADD node_modules/which-builtin-type
1520 silly ADD node_modules/which-boxed-primitive
1521 silly ADD node_modules/which
1522 silly ADD node_modules/util-deprecate
1523 silly ADD node_modules/uri-js
1524 silly ADD node_modules/update-browserslist-db
1525 silly ADD node_modules/unrs-resolver
1526 silly ADD node_modules/undici-types
1527 silly ADD node_modules/unbox-primitive
1528 silly ADD node_modules/typescript-eslint
1529 silly ADD node_modules/typescript
1530 silly ADD node_modules/typed-array-length
1531 silly ADD node_modules/typed-array-byte-offset
1532 silly ADD node_modules/typed-array-byte-length
1533 silly ADD node_modules/typed-array-buffer
1534 silly ADD node_modules/type-check
1535 silly ADD node_modules/tslib
1536 silly ADD node_modules/tsconfig-paths
1537 silly ADD node_modules/ts-interface-checker
1538 silly ADD node_modules/ts-api-utils
1539 silly ADD node_modules/to-regex-range
1540 silly ADD node_modules/tinyglobby
1541 silly ADD node_modules/tinyglobby/node_modules/picomatch
1542 silly ADD node_modules/tinyglobby/node_modules/fdir
1543 silly ADD node_modules/thenify-all
1544 silly ADD node_modules/thenify
1545 silly ADD node_modules/tar
1546 silly ADD node_modules/tapable
1547 silly ADD node_modules/tailwindcss
1548 silly ADD node_modules/tailwindcss/node_modules/jiti
1549 silly ADD node_modules/tailwindcss/node_modules/fast-glob
1550 silly ADD node_modules/tailwindcss/node_modules/fast-glob/node_modules/glob-parent
1551 silly ADD node_modules/tailwind-merge
1552 silly ADD node_modules/supports-preserve-symlinks-flag
1553 silly ADD node_modules/supports-color
1554 silly ADD node_modules/sucrase
1555 silly ADD node_modules/styled-jsx
1556 silly ADD node_modules/strip-json-comments
1557 silly ADD node_modules/strip-bom
1558 silly ADD node_modules/strip-ansi-cjs
1559 silly ADD node_modules/strip-ansi-cjs/node_modules/ansi-regex
1560 silly ADD node_modules/strip-ansi
1561 silly ADD node_modules/string.prototype.trimstart
1562 silly ADD node_modules/string.prototype.trimend
1563 silly ADD node_modules/string.prototype.trim
1564 silly ADD node_modules/string.prototype.repeat
1565 silly ADD node_modules/string.prototype.matchall
1566 silly ADD node_modules/string.prototype.includes
1567 silly ADD node_modules/string-width-cjs
1568 silly ADD node_modules/string-width-cjs/node_modules/strip-ansi
1569 silly ADD node_modules/string-width-cjs/node_modules/emoji-regex
1570 silly ADD node_modules/string-width-cjs/node_modules/ansi-regex
1571 silly ADD node_modules/string-width
1572 silly ADD node_modules/stop-iteration-iterator
1573 silly ADD node_modules/stable-hash
1574 silly ADD node_modules/source-map-js
1575 silly ADD node_modules/sonner
1576 silly ADD node_modules/signal-exit
1577 silly ADD node_modules/side-channel-weakmap
1578 silly ADD node_modules/side-channel-map
1579 silly ADD node_modules/side-channel-list
1580 silly ADD node_modules/side-channel
1581 silly ADD node_modules/shebang-regex
1582 silly ADD node_modules/shebang-command
1583 silly ADD node_modules/sharp
1584 silly ADD node_modules/set-proto
1585 silly ADD node_modules/set-function-name
1586 silly ADD node_modules/set-function-length
1587 silly ADD node_modules/semver
1588 silly ADD node_modules/scheduler
1589 silly ADD node_modules/safe-regex-test
1590 silly ADD node_modules/safe-push-apply
1591 silly ADD node_modules/safe-array-concat
1592 silly ADD node_modules/run-parallel
1593 silly ADD node_modules/reusify
1594 silly ADD node_modules/resolve-pkg-maps
1595 silly ADD node_modules/resolve-from
1596 silly ADD node_modules/resolve
1597 silly ADD node_modules/regexp.prototype.flags
1598 silly ADD node_modules/reflect.getprototypeof
1599 silly ADD node_modules/readdirp
1600 silly ADD node_modules/read-cache
1601 silly ADD node_modules/react-is
1602 silly ADD node_modules/react-dom
1603 silly ADD node_modules/react
1604 silly ADD node_modules/queue-microtask
1605 silly ADD node_modules/punycode
1606 silly ADD node_modules/prop-types
1607 silly ADD node_modules/prelude-ls
1608 silly ADD node_modules/preact
1609 silly ADD node_modules/postcss-value-parser
1610 silly ADD node_modules/postcss-selector-parser
1611 silly ADD node_modules/postcss-nested
1612 silly ADD node_modules/postcss-load-config
1613 silly ADD node_modules/postcss-js
1614 silly ADD node_modules/postcss-import
1615 silly ADD node_modules/postcss
1616 silly ADD node_modules/possible-typed-array-names
1617 silly ADD node_modules/pirates
1618 silly ADD node_modules/pify
1619 silly ADD node_modules/picomatch
1620 silly ADD node_modules/picocolors
1621 silly ADD node_modules/path-scurry
1622 silly ADD node_modules/path-parse
1623 silly ADD node_modules/path-key
1624 silly ADD node_modules/path-exists
1625 silly ADD node_modules/parent-module
1626 silly ADD node_modules/package-json-from-dist
1627 silly ADD node_modules/p-locate
1628 silly ADD node_modules/p-limit
1629 silly ADD node_modules/own-keys
1630 silly ADD node_modules/optionator
1631 silly ADD node_modules/object.values
1632 silly ADD node_modules/object.groupby
1633 silly ADD node_modules/object.fromentries
1634 silly ADD node_modules/object.entries
1635 silly ADD node_modules/object.assign
1636 silly ADD node_modules/object-keys
1637 silly ADD node_modules/object-inspect
1638 silly ADD node_modules/object-hash
1639 silly ADD node_modules/object-assign
1640 silly ADD node_modules/normalize-range
1641 silly ADD node_modules/normalize-path
1642 silly ADD node_modules/node-releases
1643 silly ADD node_modules/next
1644 silly ADD node_modules/next/node_modules/postcss
1645 silly ADD node_modules/natural-compare
1646 silly ADD node_modules/napi-postinstall
1647 silly ADD node_modules/nanoid
1648 silly ADD node_modules/mz
1649 silly ADD node_modules/ms
1650 silly ADD node_modules/motion-utils
1651 silly ADD node_modules/motion-dom
1652 silly ADD node_modules/minizlib
1653 silly ADD node_modules/minipass
1654 silly ADD node_modules/minimist
1655 silly ADD node_modules/minimatch
1656 silly ADD node_modules/micromatch
1657 silly ADD node_modules/merge2
1658 silly ADD node_modules/math-intrinsics
1659 silly ADD node_modules/magic-string
1660 silly ADD node_modules/lucide-react
1661 silly ADD node_modules/lru-cache
1662 silly ADD node_modules/loose-envify
1663 silly ADD node_modules/lodash.merge
1664 silly ADD node_modules/locate-path
1665 silly ADD node_modules/lines-and-columns
1666 silly ADD node_modules/lilconfig
1667 silly ADD node_modules/lightningcss-win32-x64-msvc
1668 silly ADD node_modules/lightningcss-win32-arm64-msvc
1669 silly ADD node_modules/lightningcss-linux-x64-musl
1670 silly ADD node_modules/lightningcss-linux-x64-gnu
1671 silly ADD node_modules/lightningcss-linux-arm64-musl
1672 silly ADD node_modules/lightningcss-linux-arm64-gnu
1673 silly ADD node_modules/lightningcss-linux-arm-gnueabihf
1674 silly ADD node_modules/lightningcss-freebsd-x64
1675 silly ADD node_modules/lightningcss-darwin-x64
1676 silly ADD node_modules/lightningcss-darwin-arm64
1677 silly ADD node_modules/lightningcss
1678 silly ADD node_modules/levn
1679 silly ADD node_modules/language-tags
1680 silly ADD node_modules/language-subtag-registry
1681 silly ADD node_modules/keyv
1682 silly ADD node_modules/jsx-ast-utils
1683 silly ADD node_modules/json5
1684 silly ADD node_modules/json-stable-stringify-without-jsonify
1685 silly ADD node_modules/json-schema-traverse
1686 silly ADD node_modules/json-buffer
1687 silly ADD node_modules/jsesc
1688 silly ADD node_modules/js-yaml
1689 silly ADD node_modules/js-tokens
1690 silly ADD node_modules/jiti
1691 silly ADD node_modules/jackspeak
1692 silly ADD node_modules/iterator.prototype
1693 silly ADD node_modules/isexe
1694 silly ADD node_modules/isarray
1695 silly ADD node_modules/is-weakset
1696 silly ADD node_modules/is-weakref
1697 silly ADD node_modules/is-weakmap
1698 silly ADD node_modules/is-typed-array
1699 silly ADD node_modules/is-symbol
1700 silly ADD node_modules/is-string
1701 silly ADD node_modules/is-shared-array-buffer
1702 silly ADD node_modules/is-set
1703 silly ADD node_modules/is-regex
1704 silly ADD node_modules/is-number-object
1705 silly ADD node_modules/is-number
1706 silly ADD node_modules/is-negative-zero
1707 silly ADD node_modules/is-map
1708 silly ADD node_modules/is-glob
1709 silly ADD node_modules/is-generator-function
1710 silly ADD node_modules/is-fullwidth-code-point
1711 silly ADD node_modules/is-finalizationregistry
1712 silly ADD node_modules/is-extglob
1713 silly ADD node_modules/is-date-object
1714 silly ADD node_modules/is-data-view
1715 silly ADD node_modules/is-core-module
1716 silly ADD node_modules/is-callable
1717 silly ADD node_modules/is-bun-module
1718 silly ADD node_modules/is-boolean-object
1719 silly ADD node_modules/is-binary-path
1720 silly ADD node_modules/is-bigint
1721 silly ADD node_modules/is-async-function
1722 silly ADD node_modules/is-array-buffer
1723 silly ADD node_modules/internal-slot
1724 silly ADD node_modules/imurmurhash
1725 silly ADD node_modules/import-fresh
1726 silly ADD node_modules/ignore
1727 silly ADD node_modules/hermes-parser
1728 silly ADD node_modules/hermes-estree
1729 silly ADD node_modules/hasown
1730 silly ADD node_modules/has-tostringtag
1731 silly ADD node_modules/has-symbols
1732 silly ADD node_modules/has-proto
1733 silly ADD node_modules/has-property-descriptors
1734 silly ADD node_modules/has-flag
1735 silly ADD node_modules/has-bigints
1736 silly ADD node_modules/graphemer
1737 silly ADD node_modules/graceful-fs
1738 silly ADD node_modules/gopd
1739 silly ADD node_modules/globalthis
1740 silly ADD node_modules/globals
1741 silly ADD node_modules/glob-parent
1742 silly ADD node_modules/glob
1743 silly ADD node_modules/glob/node_modules/minimatch
1744 silly ADD node_modules/glob/node_modules/brace-expansion
1745 silly ADD node_modules/get-tsconfig
1746 silly ADD node_modules/get-symbol-description
1747 silly ADD node_modules/get-proto
1748 silly ADD node_modules/get-intrinsic
1749 silly ADD node_modules/gensync
1750 silly ADD node_modules/generator-function
1751 silly ADD node_modules/functions-have-names
1752 silly ADD node_modules/function.prototype.name
1753 silly ADD node_modules/function-bind
1754 silly ADD node_modules/fsevents
1755 silly ADD node_modules/framer-motion
1756 silly ADD node_modules/fraction.js
1757 silly ADD node_modules/foreground-child
1758 silly ADD node_modules/for-each
1759 silly ADD node_modules/flatted
1760 silly ADD node_modules/flat-cache
1761 silly ADD node_modules/find-up
1762 silly ADD node_modules/fill-range
1763 silly ADD node_modules/file-entry-cache
1764 silly ADD node_modules/fastq
1765 silly ADD node_modules/fast-levenshtein
1766 silly ADD node_modules/fast-json-stable-stringify
1767 silly ADD node_modules/fast-glob
1768 silly ADD node_modules/fast-glob/node_modules/glob-parent
1769 silly ADD node_modules/fast-deep-equal
1770 silly ADD node_modules/esutils
1771 silly ADD node_modules/estraverse
1772 silly ADD node_modules/esrecurse
1773 silly ADD node_modules/esquery
1774 silly ADD node_modules/espree
1775 silly ADD node_modules/eslint-visitor-keys
1776 silly ADD node_modules/eslint-scope
1777 silly ADD node_modules/eslint-plugin-react-hooks
1778 silly ADD node_modules/eslint-plugin-react
1779 silly ADD node_modules/eslint-plugin-react/node_modules/semver
1780 silly ADD node_modules/eslint-plugin-react/node_modules/resolve
1781 silly ADD node_modules/eslint-plugin-jsx-a11y
1782 silly ADD node_modules/eslint-plugin-import
1783 silly ADD node_modules/eslint-plugin-import/node_modules/semver
1784 silly ADD node_modules/eslint-plugin-import/node_modules/debug
1785 silly ADD node_modules/eslint-module-utils
1786 silly ADD node_modules/eslint-module-utils/node_modules/debug
1787 silly ADD node_modules/eslint-import-resolver-typescript
1788 silly ADD node_modules/eslint-import-resolver-node
1789 silly ADD node_modules/eslint-import-resolver-node/node_modules/debug
1790 silly ADD node_modules/eslint-config-next
1791 silly ADD node_modules/eslint-config-next/node_modules/globals
1792 silly ADD node_modules/eslint
1793 silly ADD node_modules/escape-string-regexp
1794 silly ADD node_modules/escalade
1795 silly ADD node_modules/es-to-primitive
1796 silly ADD node_modules/es-shim-unscopables
1797 silly ADD node_modules/es-set-tostringtag
1798 silly ADD node_modules/es-object-atoms
1799 silly ADD node_modules/es-iterator-helpers
1800 silly ADD node_modules/es-errors
1801 silly ADD node_modules/es-define-property
1802 silly ADD node_modules/es-abstract
1803 silly ADD node_modules/enhanced-resolve
1804 silly ADD node_modules/emoji-regex
1805 silly ADD node_modules/electron-to-chromium
1806 silly ADD node_modules/eastasianwidth
1807 silly ADD node_modules/dunder-proto
1808 silly ADD node_modules/doctrine
1809 silly ADD node_modules/dlv
1810 silly ADD node_modules/didyoumean
1811 silly ADD node_modules/detect-libc
1812 silly ADD node_modules/define-properties
1813 silly ADD node_modules/define-data-property
1814 silly ADD node_modules/deep-is
1815 silly ADD node_modules/debug
1816 silly ADD node_modules/data-view-byte-offset
1817 silly ADD node_modules/data-view-byte-length
1818 silly ADD node_modules/data-view-buffer
1819 silly ADD node_modules/damerau-levenshtein
1820 silly ADD node_modules/csstype
1821 silly ADD node_modules/cssesc
1822 silly ADD node_modules/cross-spawn
1823 silly ADD node_modules/convert-source-map
1824 silly ADD node_modules/concat-map
1825 silly ADD node_modules/commander
1826 silly ADD node_modules/color-name
1827 silly ADD node_modules/color-convert
1828 silly ADD node_modules/clsx
1829 silly ADD node_modules/client-only
1830 silly ADD node_modules/chownr
1831 silly ADD node_modules/chokidar
1832 silly ADD node_modules/chokidar/node_modules/glob-parent
1833 silly ADD node_modules/chalk
1834 silly ADD node_modules/caniuse-lite
1835 silly ADD node_modules/camelcase-css
1836 silly ADD node_modules/callsites
1837 silly ADD node_modules/call-bound
1838 silly ADD node_modules/call-bind-apply-helpers
1839 silly ADD node_modules/call-bind
1840 silly ADD node_modules/browserslist
1841 silly ADD node_modules/braces
1842 silly ADD node_modules/brace-expansion
1843 silly ADD node_modules/binary-extensions
1844 silly ADD node_modules/baseline-browser-mapping
1845 silly ADD node_modules/balanced-match
1846 silly ADD node_modules/axobject-query
1847 silly ADD node_modules/axe-core
1848 silly ADD node_modules/available-typed-arrays
1849 silly ADD node_modules/autoprefixer
1850 silly ADD node_modules/async-function
1851 silly ADD node_modules/ast-types-flow
1852 silly ADD node_modules/arraybuffer.prototype.slice
1853 silly ADD node_modules/array.prototype.tosorted
1854 silly ADD node_modules/array.prototype.flatmap
1855 silly ADD node_modules/array.prototype.flat
1856 silly ADD node_modules/array.prototype.findlastindex
1857 silly ADD node_modules/array.prototype.findlast
1858 silly ADD node_modules/array-includes
1859 silly ADD node_modules/array-buffer-byte-length
1860 silly ADD node_modules/aria-query
1861 silly ADD node_modules/argparse
1862 silly ADD node_modules/arg
1863 silly ADD node_modules/anymatch
1864 silly ADD node_modules/any-promise
1865 silly ADD node_modules/ansi-styles
1866 silly ADD node_modules/ansi-regex
1867 silly ADD node_modules/ajv
1868 silly ADD node_modules/acorn-jsx
1869 silly ADD node_modules/acorn
1870 silly ADD node_modules/@unrs/resolver-binding-win32-x64-msvc
1871 silly ADD node_modules/@unrs/resolver-binding-win32-ia32-msvc
1872 silly ADD node_modules/@unrs/resolver-binding-win32-arm64-msvc
1873 silly ADD node_modules/@unrs/resolver-binding-wasm32-wasi
1874 silly ADD node_modules/@unrs/resolver-binding-linux-x64-musl
1875 silly ADD node_modules/@unrs/resolver-binding-linux-x64-gnu
1876 silly ADD node_modules/@unrs/resolver-binding-linux-s390x-gnu
1877 silly ADD node_modules/@unrs/resolver-binding-linux-riscv64-musl
1878 silly ADD node_modules/@unrs/resolver-binding-linux-riscv64-gnu
1879 silly ADD node_modules/@unrs/resolver-binding-linux-ppc64-gnu
1880 silly ADD node_modules/@unrs/resolver-binding-linux-arm64-musl
1881 silly ADD node_modules/@unrs/resolver-binding-linux-arm64-gnu
1882 silly ADD node_modules/@unrs/resolver-binding-linux-arm-musleabihf
1883 silly ADD node_modules/@unrs/resolver-binding-linux-arm-gnueabihf
1884 silly ADD node_modules/@unrs/resolver-binding-freebsd-x64
1885 silly ADD node_modules/@unrs/resolver-binding-darwin-x64
1886 silly ADD node_modules/@unrs/resolver-binding-darwin-arm64
1887 silly ADD node_modules/@unrs/resolver-binding-android-arm64
1888 silly ADD node_modules/@unrs/resolver-binding-android-arm-eabi
1889 silly ADD node_modules/@typescript-eslint/visitor-keys
1890 silly ADD node_modules/@typescript-eslint/utils
1891 silly ADD node_modules/@typescript-eslint/typescript-estree
1892 silly ADD node_modules/@typescript-eslint/typescript-estree/node_modules/minimatch
1893 silly ADD node_modules/@typescript-eslint/typescript-estree/node_modules/glob-parent
1894 silly ADD node_modules/@typescript-eslint/typescript-estree/node_modules/fast-glob
1895 silly ADD node_modules/@typescript-eslint/typescript-estree/node_modules/brace-expansion
1896 silly ADD node_modules/@typescript-eslint/types
1897 silly ADD node_modules/@typescript-eslint/type-utils
1898 silly ADD node_modules/@typescript-eslint/tsconfig-utils
1899 silly ADD node_modules/@typescript-eslint/scope-manager
1900 silly ADD node_modules/@typescript-eslint/project-service
1901 silly ADD node_modules/@typescript-eslint/parser
1902 silly ADD node_modules/@typescript-eslint/eslint-plugin
1903 silly ADD node_modules/@typescript-eslint/eslint-plugin/node_modules/ignore
1904 silly ADD node_modules/@types/react-dom
1905 silly ADD node_modules/@types/react
1906 silly ADD node_modules/@types/node
1907 silly ADD node_modules/@types/json5
1908 silly ADD node_modules/@types/json-schema
1909 silly ADD node_modules/@types/estree
1910 silly ADD node_modules/@tybys/wasm-util
1911 silly ADD node_modules/@tanstack/react-query
1912 silly ADD node_modules/@tanstack/query-core
1913 silly ADD node_modules/@tailwindcss/postcss
1914 silly ADD node_modules/@tailwindcss/postcss/node_modules/tailwindcss
1915 silly ADD node_modules/@tailwindcss/oxide-win32-x64-msvc
1916 silly ADD node_modules/@tailwindcss/oxide-win32-arm64-msvc
1917 silly ADD node_modules/@tailwindcss/oxide-wasm32-wasi
1918 silly ADD node_modules/@tailwindcss/oxide-linux-x64-musl
1919 silly ADD node_modules/@tailwindcss/oxide-linux-x64-gnu
1920 silly ADD node_modules/@tailwindcss/oxide-linux-arm64-musl
1921 silly ADD node_modules/@tailwindcss/oxide-linux-arm64-gnu
1922 silly ADD node_modules/@tailwindcss/oxide-linux-arm-gnueabihf
1923 silly ADD node_modules/@tailwindcss/oxide-freebsd-x64
1924 silly ADD node_modules/@tailwindcss/oxide-darwin-x64
1925 silly ADD node_modules/@tailwindcss/oxide-darwin-arm64
1926 silly ADD node_modules/@tailwindcss/oxide-android-arm64
1927 silly ADD node_modules/@tailwindcss/oxide
1928 silly ADD node_modules/@tailwindcss/node
1929 silly ADD node_modules/@tailwindcss/node/node_modules/tailwindcss
1930 silly ADD node_modules/@swc/helpers
1931 silly ADD node_modules/@rtsao/scc
1932 silly ADD node_modules/@pkgjs/parseargs
1933 silly ADD node_modules/@nolyfill/is-core-module
1934 silly ADD node_modules/@nodelib/fs.walk
1935 silly ADD node_modules/@nodelib/fs.stat
1936 silly ADD node_modules/@nodelib/fs.scandir
1937 silly ADD node_modules/@next/swc-win32-x64-msvc
1938 silly ADD node_modules/@next/swc-win32-arm64-msvc
1939 silly ADD node_modules/@next/swc-linux-x64-musl
1940 silly ADD node_modules/@next/swc-linux-x64-gnu
1941 silly ADD node_modules/@next/swc-linux-arm64-musl
1942 silly ADD node_modules/@next/swc-linux-arm64-gnu
1943 silly ADD node_modules/@next/swc-darwin-x64
1944 silly ADD node_modules/@next/swc-darwin-arm64
1945 silly ADD node_modules/@next/eslint-plugin-next
1946 silly ADD node_modules/@next/env
1947 silly ADD node_modules/@napi-rs/wasm-runtime
1948 silly ADD node_modules/@jridgewell/trace-mapping
1949 silly ADD node_modules/@jridgewell/sourcemap-codec
1950 silly ADD node_modules/@jridgewell/resolve-uri
1951 silly ADD node_modules/@jridgewell/remapping
1952 silly ADD node_modules/@jridgewell/gen-mapping
1953 silly ADD node_modules/@isaacs/fs-minipass
1954 silly ADD node_modules/@isaacs/cliui
1955 silly ADD node_modules/@img/sharp-win32-x64
1956 silly ADD node_modules/@img/sharp-win32-ia32
1957 silly ADD node_modules/@img/sharp-win32-arm64
1958 silly ADD node_modules/@img/sharp-wasm32
1959 silly ADD node_modules/@img/sharp-linuxmusl-x64
1960 silly ADD node_modules/@img/sharp-linuxmusl-arm64
1961 silly ADD node_modules/@img/sharp-linux-x64
1962 silly ADD node_modules/@img/sharp-linux-s390x
1963 silly ADD node_modules/@img/sharp-linux-ppc64
1964 silly ADD node_modules/@img/sharp-linux-arm64
1965 silly ADD node_modules/@img/sharp-linux-arm
1966 silly ADD node_modules/@img/sharp-libvips-linuxmusl-x64
1967 silly ADD node_modules/@img/sharp-libvips-linuxmusl-arm64
1968 silly ADD node_modules/@img/sharp-libvips-linux-x64
1969 silly ADD node_modules/@img/sharp-libvips-linux-s390x
1970 silly ADD node_modules/@img/sharp-libvips-linux-ppc64
1971 silly ADD node_modules/@img/sharp-libvips-linux-arm64
1972 silly ADD node_modules/@img/sharp-libvips-linux-arm
1973 silly ADD node_modules/@img/sharp-libvips-darwin-x64
1974 silly ADD node_modules/@img/sharp-libvips-darwin-arm64
1975 silly ADD node_modules/@img/sharp-darwin-x64
1976 silly ADD node_modules/@img/sharp-darwin-arm64
1977 silly ADD node_modules/@img/colour
1978 silly ADD node_modules/@humanwhocodes/retry
1979 silly ADD node_modules/@humanwhocodes/module-importer
1980 silly ADD node_modules/@humanfs/node
1981 silly ADD node_modules/@humanfs/core
1982 silly ADD node_modules/@fullcalendar/react
1983 silly ADD node_modules/@fullcalendar/interaction
1984 silly ADD node_modules/@fullcalendar/daygrid
1985 silly ADD node_modules/@fullcalendar/core
1986 silly ADD node_modules/@eslint/plugin-kit
1987 silly ADD node_modules/@eslint/object-schema
1988 silly ADD node_modules/@eslint/js
1989 silly ADD node_modules/@eslint/eslintrc
1990 silly ADD node_modules/@eslint/core
1991 silly ADD node_modules/@eslint/config-helpers
1992 silly ADD node_modules/@eslint/config-array
1993 silly ADD node_modules/@eslint-community/regexpp
1994 silly ADD node_modules/@eslint-community/eslint-utils
1995 silly ADD node_modules/@eslint-community/eslint-utils/node_modules/eslint-visitor-keys
1996 silly ADD node_modules/@emnapi/wasi-threads
1997 silly ADD node_modules/@emnapi/runtime
1998 silly ADD node_modules/@emnapi/core
1999 silly ADD node_modules/@babel/types
2000 silly ADD node_modules/@babel/traverse
2001 silly ADD node_modules/@babel/template
2002 silly ADD node_modules/@babel/parser
2003 silly ADD node_modules/@babel/helpers
2004 silly ADD node_modules/@babel/helper-validator-option
2005 silly ADD node_modules/@babel/helper-validator-identifier
2006 silly ADD node_modules/@babel/helper-string-parser
2007 silly ADD node_modules/@babel/helper-module-transforms
2008 silly ADD node_modules/@babel/helper-module-imports
2009 silly ADD node_modules/@babel/helper-globals
2010 silly ADD node_modules/@babel/helper-compilation-targets
2011 silly ADD node_modules/@babel/helper-compilation-targets/node_modules/yallist
2012 silly ADD node_modules/@babel/helper-compilation-targets/node_modules/semver
2013 silly ADD node_modules/@babel/helper-compilation-targets/node_modules/lru-cache
2014 silly ADD node_modules/@babel/generator
2015 silly ADD node_modules/@babel/core
2016 silly ADD node_modules/@babel/core/node_modules/semver
2017 silly ADD node_modules/@babel/core/node_modules/json5
2018 silly ADD node_modules/@babel/compat-data
2019 silly ADD node_modules/@babel/code-frame
2020 silly ADD node_modules/@alloc/quick-lru
2021 verbose cwd /Users/ashishjayaram/Documents/GitHub/hr-portal-new/frontend
2022 verbose os Darwin 25.0.0
2023 verbose node v24.4.1
2024 verbose npm  v11.4.2
2025 notice
2025 notice New minor version of npm available! 11.4.2 -> 11.6.2
2025 notice Changelog: https://github.com/npm/cli/releases/tag/v11.6.2
2025 notice To update run: npm install -g npm@11.6.2
2025 notice  { force: true, Symbol(proc-log.meta): true }
2026 verbose exit 0
2027 info ok
